data;1THB;1USD;1AUD;1HKD;1CAD;1NZD;1SGD;1EUR;100HUF;1CHF;1GBP;1UAH;100JPY;1CZK;1DKK;100ISK;1NOK;1SEK;1HRK;1RON;1BGN;1TRY;1ILS;100CLP;1PHP;1MXN;1ZAR;1BRL;1MYR;1RUB;10000IDR;100INR;100KRW;1CNY;1XDR;nr tabeli;pelny numer tabeli;;bat (Tajlandia);dolar amerykañski;dolar australijski;dolar Hongkongu;dolar kanadyjski;dolar nowozelandzki;dolar singapurski;euro;forint (Wêgry);frank szwajcarski;funt szterling;hrywna (Ukraina);jen (Japonia);korona czeska;korona duñska;korona islandzka;korona norweska;korona szwedzka;kuna (Chorwacja);lej rumuñski;lew (Bu³garia);lira turecka;nowy izraelski szekel;peso chilijskie;peso filipiñskie;peso meksykañskie;rand (Republika Po³udniowej Afryki);real (Brazylia);ringgit (Malezja);rubel rosyjski;rupia indonezyjska;rupia indyjska;won po³udniowokoreañski;yuan renminbi (Chiny);SDR (MFW);
20200102;0,1260;3,8000;2,6589;0,4878;2,9273;2,5492;2,8215;4,2571;1,2901;3,9191;5,0211;0,1603;3,4910;0,1675;0,5699;3,1302;0,4328;0,4059;0,5719;0,8901;2,1766;0,6376;1,1002;0,5053;0,0749;0,2014;0,2726;0,9453;0,9297;0,0616;2,7360;5,3267;0,3284;0,5457;5,2613;1;001/A/NBP/2020;
20200103;0,1267;3,8213;2,6507;0,4910;2,9430;2,5409;2,8299;4,2569;1,2921;3,9254;4,9934;0,1615;3,5358;0,1681;0,5696;3,1050;0,4320;0,4045;0,5718;0,8905;2,1765;0,6393;1,1017;0,5100;0,0748;0,2014;0,2667;0,9494;0,9316;0,0615;2,7442;5,3248;0,3274;0,5481;5,2637;2;002/A/NBP/2020;
20200107;0,1254;3,7861;2,6097;0,4871;2,9188;2,5183;2,8071;4,2347;1,2805;3,8992;4,9879;0,1595;3,4905;0,1677;0,5666;3,0843;0,4308;0,4025;0,5686;0,8869;2,1651;0,6341;1,0918;0,4894;0,0745;0,2011;0,2666;0,9321;0,9250;0,0614;2,7287;5,2736;0,3249;0,5459;5,2393;3;003/A/NBP/2020;
20200108;0,1257;3,8123;2,6199;0,4901;2,9320;2,5386;2,8238;4,2465;1,2815;3,9245;5,0018;0,1601;3,5155;0,1680;0,5682;3,0929;0,4304;0,4037;0,5701;0,8887;2,1712;0,6399;1,1004;0,4951;0,0750;0,2020;0,2674;0,9372;0,9295;0,0616;2,7441;5,3118;0,3261;0,5492;5,2618;4;004/A/NBP/2020;
20200109;0,1262;3,8251;2,6233;0,4924;2,9299;2,5342;2,8307;4,2459;1,2807;3,9265;4,9837;0,1584;3,4954;0,1681;0,5681;3,0969;0,4298;0,4035;0,5702;0,8888;2,1709;0,6505;1,1042;0,5047;0,0754;0,2034;0,2708;0,9411;0,9351;0,0625;2,7618;5,3563;0,3298;0,5516;5,2774;5;005/A/NBP/2020;
20200110;0,1266;3,8272;2,6317;0,4927;2,9278;2,5324;2,8360;4,2467;1,2721;3,9265;5,0020;0,1599;3,4901;0,1681;0,5683;3,0975;0,4305;0,4027;0,5704;0,8886;2,1713;0,6516;1,1030;0,4981;0,0758;0,2033;0,2689;0,9349;0,9388;0,0624;2,7808;5,3875;0,3303;0,5528;5,2725;6;006/A/NBP/2020;
20200113;0,1261;3,8101;2,6312;0,4903;2,9176;2,5274;2,8290;4,2353;1,2645;3,9170;4,9432;0,1593;3,4687;0,1678;0,5667;3,0870;0,4285;0,4006;0,5688;0,8860;2,1655;0,6501;1,0985;0,4925;0,0755;0,2029;0,2653;0,9302;0,9380;0,0625;2,7879;5,3836;0,3295;0,5531;5,2674;7;007/A/NBP/2020;
20200114;0,1256;3,8019;2,6235;0,4889;2,9093;2,5180;2,8217;4,2323;1,2723;3,9208;4,9322;0,1583;3,4558;0,1679;0,5663;3,0803;0,4273;0,4013;0,5684;0,8854;2,1639;0,6457;1,0970;0,4908;0,0751;0,2020;0,2634;0,9167;0,9331;0,0619;2,7812;5,3686;0,3287;0,5522;5,2496;8;008/A/NBP/2020;
20200115;0,1255;3,7992;2,6167;0,4889;2,9055;2,5094;2,8191;4,2279;1,2690;3,9317;4,9357;0,1582;3,4580;0,1682;0,5658;3,1042;0,4271;0,4006;0,5679;0,8846;2,1617;0,6455;1,0978;0,4933;0,0748;0,2020;0,2632;0,9192;0,9322;0,0617;2,7802;5,3603;0,3280;0,5516;5,2516;9;009/A/NBP/2020;
20200116;0,1250;3,7968;2,6273;0,4885;2,9128;2,5236;2,8219;4,2348;1,2686;3,9421;4,9562;0,1573;3,4516;0,1686;0,5667;3,0956;0,4284;0,4012;0,5688;0,8859;2,1652;0,6472;1,0984;0,4897;0,0747;0,2021;0,2637;0,9093;0,9344;0,0616;2,7856;5,3551;0,3273;0,5518;5,2506;10;010/A/NBP/2020;
20200117;0,1252;3,8053;2,6286;0,4900;2,9180;2,5271;2,8283;4,2344;1,2622;3,9410;4,9682;0,1564;3,4534;0,1682;0,5666;3,0908;0,4280;0,4012;0,5692;0,8858;2,1650;0,6485;1,1015;0,4901;0,0747;0,2028;0,2646;0,9093;0,9387;0,0619;2,7904;5,3569;0,3283;0,5549;5,2408;11;011/A/NBP/2020;
20200120;0,1262;3,8277;2,6300;0,4928;2,9295;2,5301;2,8400;4,2447;1,2599;3,9539;4,9698;0,1574;3,4744;0,1689;0,5680;3,0893;0,4295;0,4017;0,5708;0,8881;2,1703;0,6479;1,1065;0,4946;0,0751;0,2049;0,2629;0,9188;0,9427;0,0622;2,8076;5,3829;0,3301;0,5577;5,2757;12;012/A/NBP/2020;
20200121;0,1261;3,8284;2,6243;0,4926;2,9286;2,5259;2,8367;4,2459;1,2655;3,9532;4,9919;0,1578;3,4817;0,1693;0,5682;3,0857;0,4276;0,4020;0,5710;0,8884;2,1709;0,6457;1,1068;0,4967;0,0751;0,2044;0,2634;0,9136;0,9401;0,0619;2,8032;5,3817;0,3284;0,5545;5,2772;13;013/A/NBP/2020;
20200122;0,1258;3,8202;2,6145;0,4915;2,9236;2,5191;2,8314;4,2370;1,2645;3,9328;4,9894;0,1569;3,4741;0,1687;0,5670;3,0747;0,4259;0,4018;0,5696;0,8866;2,1663;0,6447;1,1062;0,4932;0,0750;0,2038;0,2645;0,9069;0,9394;0,0616;2,7998;5,3657;0,3280;0,5532;5,2594;14;014/A/NBP/2020;
20200123;0,1256;3,8308;2,6320;0,4930;2,9103;2,5270;2,8385;4,2463;1,2604;3,9535;5,0312;0,1561;3,4975;0,1688;0,5682;3,0815;0,4261;0,4030;0,5705;0,8885;2,1711;0,6465;1,1077;0,4966;0,0751;0,2047;0,2669;0,9158;0,9414;0,0619;2,8106;5,3747;0,3285;0,5525;5,2814;15;015/A/NBP/2020;
20200124;0,1258;3,8475;2,6309;0,4949;2,9293;2,5443;2,8463;4,2461;1,2631;3,9629;5,0381;0,1581;3,5114;0,1691;0,5682;3,0858;0,4270;0,4029;0,5705;0,8884;2,1710;0,6469;1,1137;0,4952;0,0757;0,2048;0,2675;0,9225;0,9472;0,0623;2,8348;5,3929;0,3290;0,5540;5,2817;16;016/A/NBP/2020;
20200127;0,1261;3,8725;2,6241;0,4980;2,9375;2,5408;2,8546;4,2679;1,2658;3,9915;5,0709;0,1575;3,5561;0,1693;0,5711;3,1062;0,4257;0,4037;0,5735;0,8928;2,1821;0,6509;1,1199;0,4978;0,0761;0,2046;0,2666;0,9255;0,9525;0,0619;2,8464;5,4171;0,3287;0,5569;5,3259;17;017/A/NBP/2020;
20200128;0,1258;3,8844;2,6208;0,4994;2,9431;2,5364;2,8585;4,2794;1,2684;4,0094;5,0614;0,1571;3,5694;0,1694;0,5727;3,1146;0,4239;0,4033;0,5753;0,8953;2,1880;0,6546;1,1233;0,4928;0,0764;0,2057;0,2651;0,9232;0,9508;0,0617;2,8483;5,4494;0,3293;0,5584;5,3419;18;018/A/NBP/2020;
20200129;0,1254;3,8871;2,6249;0,5001;2,9507;2,5386;2,8573;4,2766;1,2667;3,9873;5,0584;0,1564;3,5652;0,1695;0,5723;3,1262;0,4257;0,4046;0,5749;0,8950;2,1866;0,6545;1,1241;0,4947;0,0765;0,2072;0,2663;0,9266;0,9526;0,0622;2,8524;5,4576;0,3296;0,5580;5,3440;19;019/A/NBP/2020;
20200130;0,1248;3,8856;2,6154;0,5002;2,9395;2,5259;2,8521;4,2813;1,2666;4,0027;5,0574;0,1563;3,5676;0,1698;0,5729;3,1457;0,4219;0,4027;0,5753;0,8955;2,1890;0,6506;1,1254;0,4902;0,0761;0,2075;0,2654;0,9185;0,9502;0,0617;2,8476;5,4352;0,3270;0,5586;5,3512;20;020/A/NBP/2020;
20200131;0,1251;3,8999;2,6086;0,5021;2,9476;2,5181;2,8560;4,3010;1,2777;4,0194;5,1160;0,1558;3,5788;0,1704;0,5755;3,1602;0,4227;0,4032;0,5780;0,9003;2,1990;0,6515;1,1310;0,4892;0,0764;0,2075;0,2623;0,9190;0,9516;0,0616;2,8560;5,4626;0,3264;0,5612;5,3657;21;021/A/NBP/2020;
20200203;0,1251;3,8864;2,6030;0,5004;2,9340;2,5121;2,8404;4,3034;1,2730;4,0311;5,0844;0,1551;3,5817;0,1707;0,5759;3,1435;0,4195;0,4031;0,5780;0,9003;2,2003;0,6493;1,1275;0,4856;0,0764;0,2059;0,2599;0,9075;0,9447;0,0608;2,8280;5,4370;0,3255;0,5535;5,3615;22;022/A/NBP/2020;
20200204;0,1254;3,8773;2,6012;0,4992;2,9208;2,5040;2,8293;4,2867;1,2745;4,0031;5,0467;0,1562;3,5542;0,1705;0,5736;3,1086;0,4199;0,4027;0,5753;0,8971;2,1917;0,6497;1,1262;0,4924;0,0763;0,2075;0,2630;0,9127;0,9435;0,0613;2,8281;5,4438;0,3265;0,5544;5,3346;23;023/A/NBP/2020;
20200205;0,1249;3,8654;2,6174;0,4979;2,9139;2,5110;2,8009;4,2620;1,2695;3,9744;5,0504;0,1561;3,5238;0,1700;0,5703;3,0862;0,4206;0,4040;0,5716;0,8924;2,1791;0,6457;1,1197;0,4945;0,0761;0,2072;0,2629;0,9084;0,9388;0,0617;2,8266;5,4296;0,3270;0,5539;5,3095;24;024/A/NBP/2020;
20200206;0,1245;3,8672;2,6070;0,4981;2,9117;2,4993;2,7917;4,2535;1,2618;3,9680;5,0177;0,1573;3,5199;0,1695;0,5692;3,0756;0,4192;0,4030;0,5704;0,8928;2,1748;0,6454;1,1239;0,4979;0,0762;0,2077;0,2603;0,9131;0,9381;0,0612;2,8393;5,4282;0,3264;0,5546;5,3074;25;025/A/NBP/2020;
20200207;0,1244;3,8947;2,6031;0,5018;2,9260;2,4991;2,8000;4,2664;1,2589;3,9908;5,0359;0,1587;3,5474;0,1704;0,5709;3,0894;0,4200;0,4039;0,5722;0,8955;2,1814;0,6503;1,1369;0,4969;0,0765;0,2079;0,2591;0,9095;0,9412;0,0611;2,8480;5,4481;0,3260;0,5573;5,3260;26;026/A/NBP/2020;
20200210;0,1246;3,8996;2,6102;0,5022;2,9333;2,5002;2,8079;4,2699;1,2629;3,9889;5,0350;0,1590;3,5537;0,1707;0,5714;3,1009;0,4213;0,4035;0,5728;0,8957;2,1831;0,6491;1,1368;0,4925;0,0768;0,2077;0,2589;0,9026;0,9405;0,0610;2,8475;5,4644;0,3281;0,5585;5,3365;27;027/A/NBP/2020;
20200211;0,1249;3,9041;2,6185;0,5028;2,9364;2,4960;2,8141;4,2609;1,2616;3,9947;5,0512;0,1599;3,5534;0,1707;0,5702;3,0898;0,4218;0,4044;0,5716;0,8933;2,1786;0,6484;1,1421;0,4918;0,0771;0,2090;0,2625;0,9028;0,9445;0,0611;2,8570;5,4764;0,3298;0,5595;5,3346;28;028/A/NBP/2020;
20200212;0,1252;3,9010;2,6288;0,5021;2,9393;2,5237;2,8133;4,2599;1,2575;4,0020;5,0635;0,1590;3,5462;0,1710;0,5701;3,0891;0,4233;0,4054;0,5713;0,8936;2,1781;0,6481;1,1405;0,4927;0,0771;0,2092;0,2638;0,9005;0,9431;0,0618;2,8558;5,4684;0,3305;0,5596;5,3529;29;029/A/NBP/2020;
20200213;0,1256;3,9104;2,6303;0,5036;2,9493;2,5239;2,8180;4,2557;1,2559;4,0050;5,0711;0,1598;3,5635;0,1712;0,5695;3,0861;0,4223;0,4060;0,5712;0,8930;2,1759;0,6455;1,1385;0,4943;0,0775;0,2094;0,2627;0,8977;0,9444;0,0614;2,8585;5,4824;0,3308;0,5601;5,3431;30;030/A/NBP/2020;
20200214;0,1255;3,9098;2,6287;0,5034;2,9510;2,5159;2,8127;4,2402;1,2660;3,9853;5,0964;0,1599;3,5605;0,1710;0,5675;3,0793;0,4219;0,4035;0,5692;0,8892;2,1680;0,6453;1,1403;0,4923;0,0774;0,2104;0,2633;0,8987;0,9448;0,0615;2,8591;5,4751;0,3306;0,5599;5,3381;31;031/A/NBP/2020;
20200217;0,1258;3,9189;2,6364;0,5046;2,9623;2,5224;2,8216;4,2502;1,2699;3,9921;5,1109;0,1603;3,5664;0,1715;0,5689;3,0911;0,4233;0,4034;0,5705;0,8901;2,1731;0,6485;1,1424;0,4949;0,0775;0,2111;0,2631;0,9117;0,9460;0,0619;2,8704;5,4870;0,3311;0,5615;5,3608;32;032/A/NBP/2020;
20200218;0,1264;3,9448;2,6340;0,5079;2,9736;2,5237;2,8328;4,2714;1,2733;4,0218;5,1271;0,1614;3,5952;0,1718;0,5718;3,1020;0,4236;0,4050;0,5739;0,8936;2,1839;0,6500;1,1522;0,4973;0,0779;0,2117;0,2617;0,9115;0,9497;0,0618;2,8869;5,5168;0,3311;0,5630;5,3876;33;033/A/NBP/2020;
20200219;0,1269;3,9556;2,6502;0,5091;2,9886;2,5329;2,8421;4,2732;1,2751;4,0213;5,1450;0,1612;3,5875;0,1713;0,5721;3,0943;0,4259;0,4036;0,5739;0,8942;2,1848;0,6528;1,1568;0,4961;0,0783;0,2130;0,2645;0,9080;0,9506;0,0622;2,8899;5,5334;0,3325;0,5657;5,4004;34;034/A/NBP/2020;
20200220;0,1260;3,9621;2,6290;0,5093;2,9901;2,5147;2,8299;4,2789;1,2665;4,0308;5,1113;0,1618;3,5380;0,1711;0,5729;3,1029;0,4258;0,4041;0,5744;0,8946;2,1878;0,6503;1,1536;0,4973;0,0781;0,2125;0,2624;0,9076;0,9474;0,0622;2,8905;5,5301;0,3289;0,5645;5,4063;35;035/A/NBP/2020;
20200221;0,1252;3,9623;2,6122;0,5088;2,9880;2,4998;2,8300;4,2831;1,2681;4,0367;5,1178;0,1619;3,5466;0,1709;0,5735;3,1014;0,4244;0,4045;0,5750;0,8919;2,1899;0,6481;1,1573;0,4907;0,0779;0,2092;0,2621;0,9017;0,9452;0,0615;2,8784;5,5077;0,3274;0,5633;5,4050;36;036/A/NBP/2020;
20200224;0,1255;3,9772;2,6223;0,5103;2,9913;2,5117;2,8369;4,3017;1,2715;4,0542;5,1293;0,1622;3,5728;0,1709;0,5759;3,0925;0,4239;0,4066;0,5766;0,8945;2,1995;0,6465;1,1540;0,4953;0,0780;0,2082;0,2628;0,9063;0,9412;0,0609;2,8675;5,5342;0,3264;0,5659;5,4260;37;037/A/NBP/2020;
20200225;0,1249;3,9624;2,6139;0,5085;2,9795;2,5055;2,8337;4,2996;1,2751;4,0537;5,1489;0,1615;3,5899;0,1704;0,5755;3,0866;0,4239;0,4070;0,5768;0,8942;2,1983;0,6436;1,1561;0,4904;0,0776;0,2075;0,2609;0,9029;0,9361;0,0606;2,8542;5,5130;0,3259;0,5646;5,4182;38;038/A/NBP/2020;
20200226;0,1242;3,9573;2,6022;0,5079;2,9753;2,4958;2,8309;4,3093;1,2692;4,0617;5,1246;0,1606;3,5878;0,1702;0,5768;3,0935;0,4214;0,4068;0,5767;0,8956;2,2033;0,6426;1,1501;0,4870;0,0775;0,2064;0,2584;0,9018;0,9365;0,0602;2,8403;5,5240;0,3256;0,5638;5,4283;39;039/A/NBP/2020;
20200227;0,1245;3,9413;2,5901;0,5057;2,9581;2,4907;2,8260;4,3100;1,2709;4,0548;5,0855;0,1605;3,5774;0,1705;0,5768;3,0940;0,4204;0,4080;0,5777;0,8962;2,2036;0,6384;1,1479;0,4853;0,0775;0,2034;0,2564;0,8855;0,9350;0,0600;2,8081;5,5031;0,3254;0,5621;5,4182;40;040/A/NBP/2020;
20200228;0,1244;3,9255;2,5624;0,5037;2,9194;2,4539;2,8163;4,3355;1,2757;4,0734;5,0657;0,1597;3,6117;0,1703;0,5802;3,1123;0,4162;0,4067;0,5808;0,9008;2,2167;0,6274;1,1321;0,4823;0,0770;0,1979;0,2511;0,8750;0,9313;0,0582;2,7360;5,4326;0,3249;0,5619;5,4161;41;041/A/NBP/2020;
20200302;0,1242;3,9023;2,5555;0,5017;2,9251;2,4435;2,8088;4,3237;1,2813;4,0566;4,9815;0,1571;3,6186;0,1697;0,5786;3,0862;0,4173;0,4091;0,5781;0,8976;2,2107;0,6261;1,1234;0,4771;0,0769;0,1988;0,2503;0,8723;0,9285;0,0587;2,7355;5,3918;0,3278;0,5603;5,4092;42;042/A/NBP/2020;
20200303;0,1231;3,8804;2,5458;0,4987;2,9054;2,4315;2,7870;4,3173;1,2806;4,0532;4,9584;0,1556;3,5936;0,1695;0,5777;3,0212;0,4181;0,4091;0,5768;0,8979;2,2074;0,6272;1,1235;0,4777;0,0765;0,1997;0,2487;0,8673;0,9225;0,0584;2,7171;5,3025;0,3254;0,5558;5,3528;43;043/A/NBP/2020;
20200304;0,1230;3,8536;2,5480;0,4960;2,8848;2,4245;2,7834;4,2993;1,2830;4,0382;4,9264;0,1551;3,5872;0,1694;0,5753;3,0234;0,4165;0,4074;0,5744;0,8941;2,1982;0,6328;1,1208;0,4737;0,0762;0,1994;0,2516;0,8536;0,9218;0,0586;2,7302;5,2511;0,3256;0,5559;5,3304;44;044/A/NBP/2020;
20200305;0,1219;3,8479;2,5530;0,4952;2,8721;2,4339;2,7784;4,2994;1,2792;4,0391;4,9716;0,1555;3,5978;0,1697;0,5754;3,0235;0,4161;0,4069;0,5744;0,8941;2,1982;0,6314;1,1148;0,4693;0,0760;0,1964;0,2512;0,8392;0,9250;0,0580;2,7155;5,2566;0,3252;0,5549;5,3385;45;045/A/NBP/2020;
20200306;0,1217;3,8231;2,5373;0,4919;2,8524;2,4311;2,7713;4,3178;1,2789;4,0721;4,9658;0,1533;3,6351;0,1696;0,5781;3,0322;0,4126;0,4071;0,5763;0,8972;2,2076;0,6272;1,0955;0,4634;0,0753;0,1900;0,2427;0,8297;0,9163;0,0561;2,6866;5,1651;0,3218;0,5515;5,3415;46;046/A/NBP/2020;
20200309;0,1203;3,7899;2,4972;0,4877;2,7858;2,3973;2,7376;4,3176;1,2839;4,0799;4,9782;0,1515;3,6967;0,1689;0,5778;2,9818;0,3991;0,4039;0,5747;0,8965;2,2075;0,6209;1,0820;0,4585;0,0749;0,1784;0,2373;0,8190;0,8991;0,0513;2,6332;5,1196;0,3159;0,5457;5,3035;47;047/A/NBP/2020;
20200310;0,1210;3,8058;2,5020;0,4899;2,7843;2,4068;2,7396;4,3200;1,2859;4,0787;4,9707;0,1502;3,6374;0,1689;0,5782;2,9609;0,4004;0,4030;0,5726;0,8966;2,2088;0,6225;1,0820;0,4537;0,0753;0,1846;0,2402;0,8055;0,8981;0,0528;2,6529;5,1573;0,3190;0,5478;5,2784;48;048/A/NBP/2020;
20200311;0,1215;3,8186;2,4911;0,4915;2,7876;2,4139;2,7470;4,3167;1,2892;4,0737;4,9492;0,1488;3,6350;0,1683;0,5776;2,9750;0,3972;0,4019;0,5709;0,8955;2,2071;0,6189;1,0764;0,4580;0,0756;0,1820;0,2375;0,8223;0,9022;0,0534;2,6606;5,1756;0,3206;0,5495;5,2820;49;049/A/NBP/2020;
20200312;0,1224;3,8642;2,4794;0,4971;2,8045;2,4113;2,7556;4,3451;1,2873;4,1190;4,9267;0,1495;3,7211;0,1668;0,5815;2,9260;0,3896;0,4019;0,5729;0,9014;2,2216;0,6195;1,0682;0,4594;0,0755;0,1762;0,2360;0,8025;0,9067;0,0519;2,6611;5,2128;0,3204;0,5525;5,3340;50;050/A/NBP/2020;
20200313;0,1229;3,9067;2,4619;0,5030;2,8330;2,4030;2,7748;4,3618;1,2903;4,1307;4,9191;0,1500;3,6762;0,1668;0,5836;2,8905;0,3900;0,4019;0,5754;0,9055;2,2301;0,6237;1,0694;0,4599;0,0765;0,1806;0,2417;0,8153;0,9133;0,0537;2,6450;5,2902;0,3218;0,5598;5,3795;51;051/A/NBP/2020;
20200316;0,1220;3,9231;2,4201;0,5052;2,8246;2,3699;2,7592;4,3911;1,2911;4,1624;4,8161;0,1478;3,7034;0,1639;0,5876;2,9042;0,3861;0,4051;0,5773;0,9098;2,2451;0,6154;1,0476;0,4676;0,0759;0,1739;0,2355;0,8073;0,9112;0,0524;2,6285;5,2863;0,3196;0,5600;5,4499;52;052/A/NBP/2020;
20200317;0,1251;4,0460;2,4438;0,5210;2,8765;2,4215;2,8369;4,4886;1,2926;4,2467;4,9241;0,1494;3,7962;0,1646;0,6006;2,9128;0,3919;0,4098;0,5922;0,9267;2,2950;0,6256;1,0648;0,4742;0,0778;0,1769;0,2443;0,8091;0,9300;0,0542;2,6671;5,4579;0,3255;0,5763;5,5464;53;053/A/NBP/2020;
20200318;0,1255;4,0749;2,4262;0,5247;2,8487;2,3946;2,8363;4,4806;1,2798;4,2474;4,8984;0,1491;3,7958;0,1650;0,5995;2,9190;0,3860;0,4098;0,5901;0,9240;2,2909;0,6303;1,0568;0,4804;0,0790;0,1708;0,2419;0,8132;0,9323;0,0523;2,6778;5,4845;0,3239;0,5800;5,5832;54;054/A/NBP/2020;
20200319;0,1302;4,2421;2,4307;0,5465;2,9249;2,4015;2,9275;4,5917;1,2844;4,3536;4,8910;0,1523;3,8860;0,1660;0,6144;3,0209;0,3540;0,4068;0,6033;0,9453;2,3477;0,6500;1,1406;0,4888;0,0824;0,1742;0,2452;0,8306;0,9614;0,0531;2,6659;5,6489;0,3323;0,5979;5,7312;55;055/A/NBP/2020;
20200320;0,1303;4,2400;2,5061;0,5466;2,9800;2,4640;2,9329;4,5459;1,2986;4,3124;4,9856;0,1524;3,8448;0,1686;0,6083;3,0306;0,3900;0,4134;0,5973;0,9380;2,3243;0,6541;1,1840;0,4917;0,0829;0,1782;0,2454;0,8320;0,9648;0,0545;2,6625;5,6474;0,3415;0,5993;5,6725;56;056/A/NBP/2020;
20200323;0,1294;4,2654;2,4529;0,5500;2,9472;2,4069;2,9149;4,5571;1,2965;4,3214;4,9491;0,1513;3,8603;0,1657;0,6100;3,0140;0,3613;0,4087;0,5993;0,9392;2,3300;0,6463;1,1583;0,4941;0,0827;0,1720;0,2410;0,8423;0,9596;0,0528;2,5734;5,6060;0,3361;0,6000;5,7412;57;057/A/NBP/2020;
20200324;0,1292;4,2421;2,5257;0,5471;2,9477;2,4717;2,9299;4,6044;1,3145;4,3563;4,9702;0,1528;3,8415;0,1660;0,6165;3,0352;0,3869;0,4163;0,6049;0,9497;2,3542;0,6533;1,1579;0,4929;0,0830;0,1712;0,2407;0,8248;0,9565;0,0538;2,5710;5,5723;0,3418;0,5993;5,7470;58;058/A/NBP/2020;
20200325;0,1287;4,2220;2,5551;0,5445;2,9443;2,4859;2,9218;4,5779;1,2912;4,3137;5,0548;0,1512;3,7889;0,1674;0,6131;3,0138;0,3875;0,4190;0,6014;0,9463;2,3406;0,6615;1,1662;0,4994;0,0828;0,1739;0,2435;0,8279;0,9628;0,0545;2,5588;5,5635;0,3421;0,5948;5,7192;59;059/A/NBP/2020;
20200326;0,1284;4,1988;2,5063;0,5416;2,9642;2,4595;2,9165;4,5962;1,2848;4,3197;5,0048;0,1492;3,8152;0,1670;0,6154;2,9904;0,3927;0,4170;0,6042;0,9501;2,3500;0,6484;1,1607;0,4971;0,0823;0,1745;0,2391;0,8339;0,9686;0,0536;2,5752;5,5658;0,3422;0,5923;5,7421;60;060/A/NBP/2020;
20200327;0,1261;4,1127;2,4934;0,5307;2,9182;2,4467;2,8676;4,5246;1,2773;4,2675;5,0218;0,1465;3,7770;0,1665;0,6065;2,9381;0,3908;0,4118;0,5941;0,9358;2,3134;0,6364;1,1454;0,4970;0,0806;0,1773;0,2344;0,8187;0,9495;0,0528;2,5481;5,4678;0,3365;0,5799;5,6075;61;061/A/NBP/2020;
20200330;0,1253;4,0933;2,5181;0,5279;2,9084;2,4630;2,8709;4,5395;1,2708;4,2840;5,0698;0,1460;3,8029;0,1654;0,6081;2,9420;0,3873;0,4112;0,5962;0,9387;2,3210;0,6286;1,1418;0,4902;0,0802;0,1733;0,2299;0,8024;0,9442;0,0514;2,5050;5,4349;0,3341;0,5771;5,6477;62;062/A/NBP/2020;
20200331;0,1263;4,1466;2,5481;0,5348;2,9214;2,4767;2,9087;4,5523;1,2679;4,3001;5,1052;0,1508;3,8208;0,1665;0,6096;2,9313;0,3953;0,4114;0,5976;0,9429;2,3275;0,6314;1,1637;0,4830;0,0813;0,1734;0,2306;0,7983;0,9614;0,0528;2,5423;5,4953;0,3390;0,5844;5,6546;63;063/A/NBP/2020;
20200401;0,1263;4,1701;2,5338;0,5379;2,9380;2,4646;2,9090;4,5694;1,2533;4,3236;5,1588;0,1504;3,8803;0,1671;0,6121;2,9216;0,4004;0,4174;0,5991;0,9453;2,3363;0,6270;1,1719;0,4872;0,0817;0,1737;0,2314;0,8011;0,9586;0,0528;2,5350;5,4769;0,3389;0,5877;5,6921;64;064/A/NBP/2020;
20200402;0,1271;4,1917;2,5563;0,5407;2,9675;2,4965;2,9310;4,5769;1,2648;4,3319;5,2075;0,1520;3,9062;0,1669;0,6132;2,9320;0,4061;0,4186;0,6000;0,9473;2,3402;0,6287;1,1561;0,4845;0,0824;0,1742;0,2304;0,7985;0,9608;0,0537;2,5443;5,5024;0,3416;0,5904;5,7166;65;065/A/NBP/2020;
20200403;0,1287;4,2396;2,5527;0,5469;2,9956;2,4930;2,9558;4,5792;1,2558;4,3403;5,2164;0,1551;3,9167;0,1667;0,6131;2,9410;0,4069;0,4190;0,6001;0,9476;2,3413;0,6334;1,1669;0,4918;0,0834;0,1723;0,2263;0,8065;0,9731;0,0552;2,5812;5,5711;0,3440;0,5979;5,7340;66;066/A/NBP/2020;
20200406;0,1285;4,2257;2,5614;0,5451;2,9916;2,5005;2,9451;4,5612;1,2554;4,3199;5,2030;0,1551;3,8703;0,1648;0,6107;2,9332;0,4026;0,4153;0,5982;0,9443;2,3321;0,6232;1,1652;0,4882;0,0833;0,1673;0,2223;0,7898;0,9673;0,0553;2,5747;5,5550;0,3437;0,5956;5,7448;67;067/A/NBP/2020;
20200407;0,1274;4,1717;2,5734;0,5381;2,9720;2,4945;2,9259;4,5342;1,2599;4,2883;5,1437;0,1540;3,8320;0,1661;0,6073;2,9159;0,4060;0,4161;0,5945;0,9387;2,3183;0,6165;1,1674;0,4905;0,0825;0,1706;0,2269;0,7892;0,9602;0,0552;2,5793;5,5114;0,3435;0,5911;5,7070;68;068/A/NBP/2020;
20200408;0,1274;4,1801;2,5651;0,5392;2,9783;2,4866;2,9258;4,5362;1,2644;4,2987;5,1434;0,1533;3,8389;0,1665;0,6078;2,9209;0,4041;0,4133;0,5946;0,9384;2,3193;0,6164;1,1616;0,4866;0,0826;0,1695;0,2284;0,8003;0,9610;0,0552;2,5843;5,4802;0,3422;0,5917;5,6756;69;069/A/NBP/2020;
20200409;0,1273;4,1744;2,5979;0,5384;2,9724;2,5081;2,9313;4,5370;1,2755;4,2986;5,1777;0,1532;3,8327;0,1685;0,6078;2,9102;0,4081;0,4155;0,5953;0,9392;2,3197;0,6166;1,1648;0,4945;0,0827;0,1753;0,2314;0,8147;0,9625;0,0560;2,6387;5,4659;0,3422;0,5912;5,6851;70;070/A/NBP/2020;
20200410;0,1272;4,1566;2,6397;0,5361;2,9795;2,5276;2,9401;4,5484;1,2910;4,3058;5,1851;0,1528;3,8354;0,1684;0,6093;2,9175;0,4066;0,4186;0,5974;0,9412;2,3255;0,6197;1,1618;0,4940;0,0823;0,1764;0,2309;0,8139;0,9644;0,0564;2,6275;5,4652;0,3433;0,5910;5,7032;71;071/A/NBP/2020;
20200414;0,1273;4,1666;2,6649;0,5376;2,9979;2,5407;2,9416;4,5512;1,2937;4,3170;5,2337;0,1532;3,8737;0,1698;0,6098;2,9193;0,4040;0,4184;0,5981;0,9419;2,3270;0,6145;1,1634;0,4903;0,0823;0,1766;0,2296;0,8012;0,9618;0,0567;2,6658;5,4666;0,3427;0,5899;5,7263;72;072/A/NBP/2020;
20200415;0,1273;4,1519;2,6286;0,5357;2,9647;2,4986;2,9157;4,5389;1,2919;4,3066;5,1959;0,1527;3,8637;0,1684;0,6081;2,9077;0,3956;0,4157;0,5962;0,9383;2,3207;0,6055;1,1525;0,4889;0,0819;0,1733;0,2226;0,8041;0,9569;0,0563;2,6676;5,4319;0,3402;0,5878;5,6657;73;073/A/NBP/2020;
20200416;0,1275;4,1631;2,6253;0,5371;2,9532;2,4872;2,9180;4,5326;1,2945;4,3088;5,1976;0,1532;3,8649;0,1677;0,6075;2,9037;0,3967;0,4151;0,5955;0,9372;2,3175;0,6020;1,1591;0,4861;0,0820;0,1728;0,2238;0,7947;0,9523;0,0561;2,6618;5,4227;0,3396;0,5883;5,6813;74;074/A/NBP/2020;
20200417;0,1286;4,1886;2,6503;0,5406;2,9723;2,5063;2,9409;4,5367;1,2940;4,3143;5,2119;0,1547;3,8868;0,1671;0,6081;2,8988;0,3992;0,4174;0,5974;0,9375;2,3196;0,6024;1,1678;0,4914;0,0824;0,1745;0,2226;0,8003;0,9585;0,0565;2,7146;5,4891;0,3443;0,5920;5,6869;75;075/A/NBP/2020;
20200420;0,1279;4,1525;2,6495;0,5358;2,9528;2,5187;2,9216;4,5175;1,2788;4,2952;5,1741;0,1534;3,8558;0,1658;0,6056;2,8866;0,4002;0,4155;0,5995;0,9337;2,3098;0,6013;1,1609;0,4867;0,0819;0,1722;0,2198;0,7929;0,9491;0,0557;2,6942;5,4310;0,3406;0,5871;5,6682;76;076/A/NBP/2020;
20200421;0,1287;4,1779;2,6319;0,5391;2,9401;2,4992;2,9260;4,5276;1,2756;4,3065;5,1785;0,1543;3,8914;0,1645;0,6071;2,8802;0,3967;0,4159;0,5987;0,9362;2,3149;0,5999;1,1755;0,4875;0,0823;0,1726;0,2195;0,7858;0,9514;0,0545;2,7033;5,4395;0,3393;0,5896;5,6860;77;077/A/NBP/2020;
20200422;0,1289;4,1736;2,6466;0,5386;2,9499;2,4997;2,9260;4,5329;1,2792;4,3070;5,1501;0,1542;3,8794;0,1650;0,6078;2,8671;0,3926;0,4148;0,5990;0,9365;2,3176;0,5982;1,1762;0,4864;0,0823;0,1719;0,2211;0,7850;0,9540;0,0545;2,7013;5,4574;0,3387;0,5893;5,6948;78;078/A/NBP/2020;
20200423;0,1302;4,2093;2,6674;0,5430;2,9741;2,5148;2,9559;4,5444;1,2729;4,3229;5,1987;0,1559;3,9107;0,1649;0,6093;2,8653;0,3949;0,4169;0,6000;0,9381;2,3236;0,6027;1,1809;0,4902;0,0832;0,1716;0,2202;0,7712;0,9663;0,0560;2,7333;5,5278;0,3422;0,5945;5,7002;79;079/A/NBP/2020;
20200424;0,1299;4,2142;2,6795;0,5438;2,9894;2,5250;2,9577;4,5330;1,2727;4,3116;5,1898;0,1550;3,9133;0,1656;0,6078;2,8581;0,3952;0,4179;0,5992;0,9356;2,3177;0,6063;1,1990;0,4900;0,0830;0,1702;0,2217;0,7615;0,9657;0,0564;2,7365;5,5173;0,3412;0,5953;5,7208;80;080/A/NBP/2020;
20200427;0,1283;4,1696;2,6920;0,5381;2,9696;2,5272;2,9385;4,5240;1,2784;4,2892;5,1839;0,1539;3,8898;0,1662;0,6066;2,8525;0,3937;0,4166;0,5991;0,9355;2,3131;0,5977;1,1879;0,4864;0,0821;0,1674;0,2209;0,7457;0,9568;0,0561;2,7103;5,4727;0,3398;0,5887;5,6956;81;081/A/NBP/2020;
20200428;0,1289;4,1840;2,7125;0,5399;2,9861;2,5252;2,9525;4,5399;1,2777;4,2843;5,2168;0,1548;3,9085;0,1665;0,6088;2,8535;0,3994;0,4205;0,6011;0,9371;2,3212;0,5981;1,1947;0,4883;0,0827;0,1699;0,2239;0,7400;0,9581;0,0562;2,7131;5,4996;0,3423;0,5907;5,7055;82;082/A/NBP/2020;
20200429;0,1290;4,1807;2,7287;0,5394;3,0003;2,5494;2,9567;4,5432;1,2772;4,3013;5,2017;0,1550;3,9253;0,1674;0,6093;2,8484;0,4029;0,4235;0,6007;0,9377;2,3229;0,5983;1,1939;0,4950;0,0828;0,1732;0,2260;0,7606;0,9627;0,0568;2,7336;5,5243;0,3432;0,5907;5,7052;83;083/A/NBP/2020;
20200430;0,1290;4,1729;2,7307;0,5384;3,0075;2,5541;2,9610;4,5424;1,2869;4,2989;5,2047;0,1548;3,9118;0,1674;0,6090;2,8515;0,4048;0,4247;0,5995;0,9381;2,3225;0,5978;1,1925;0,5003;0,0828;0,1761;0,2316;0,7821;0,9694;0,0574;2,8053;5,5510;0,3457;0,5918;5,7144;84;084/A/NBP/2020;
20200504;0,1285;4,1646;2,6712;0,5372;2,9534;2,5209;2,9412;4,5582;1,2900;4,3216;5,1780;0,1543;3,9011;0,1674;0,6109;2,8614;0,4000;0,4205;0,6011;0,9416;2,3305;0,5930;1,1769;0,4989;0,0823;0,1682;0,2214;0,7591;0,9653;0,0552;2,7580;5,5094;0,3401;0,5897;5,7387;85;085/A/NBP/2020;
20200505;0,1294;4,1927;2,6932;0,5408;2,9763;2,5316;2,9602;4,5476;1,2918;4,3206;5,2116;0,1555;3,9266;0,1684;0,6095;2,8512;0,4057;0,4244;0,6004;0,9414;2,3251;0,5935;1,1884;0,5005;0,0828;0,1739;0,2278;0,7565;0,9730;0,0564;2,7804;5,5297;0,3427;0,5883;5,6778;86;086/A/NBP/2020;
20200506;0,1296;4,2022;2,6999;0,5421;2,9902;2,5404;2,9613;4,5390;1,2992;4,3112;5,1996;0,1562;3,9506;0,1680;0,6083;2,8493;0,4083;0,4264;0,5996;0,9407;2,3208;0,5865;1,1941;0,5032;0,0831;0,1748;0,2270;0,7531;0,9731;0,0566;2,7931;5,5438;0,3434;0,5924;5,7052;87;087/A/NBP/2020;
20200507;0,1301;4,2162;2,7219;0,5440;2,9919;2,5471;2,9709;4,5505;1,2978;4,3204;5,2107;0,1572;3,9626;0,1679;0,6099;2,8602;0,4100;0,4288;0,6013;0,9428;2,3266;0,5840;1,1993;0,5004;0,0834;0,1740;0,2261;0,7376;0,9749;0,0570;2,8024;5,5521;0,3440;0,5946;5,7332;88;088/A/NBP/2020;
20200508;0,1304;4,2065;2,7419;0,5427;3,0156;2,5756;2,9767;4,5577;1,3038;4,3293;5,2136;0,1567;3,9551;0,1669;0,6109;2,8719;0,4107;0,4298;0,6030;0,9438;2,3303;0,5916;1,1998;0,5027;0,0834;0,1756;0,2280;0,7212;0,9706;0,0570;2,8193;5,5622;0,3447;0,5942;5,7528;89;089/A/NBP/2020;
20200511;0,1310;4,2126;2,7441;0,5435;3,0187;2,5708;2,9774;4,5572;1,3032;4,3301;5,2112;0,1569;3,9286;0,1671;0,6109;2,8752;0,4121;0,4295;0,6030;0,9438;2,3300;0,5941;1,1954;0,5101;0,0837;0,1774;0,2298;0,7348;0,9721;0,0571;2,8282;5,5654;0,3445;0,5947;5,7316;90;090/A/NBP/2020;
20200512;0,1310;4,2095;2,7305;0,5431;3,0039;2,5606;2,9694;4,5549;1,2988;4,3316;5,1863;0,1570;3,9142;0,1655;0,6107;2,8701;0,4101;0,4283;0,6021;0,9429;2,3289;0,5987;1,1970;0,5112;0,0838;0,1752;0,2292;0,7234;0,9711;0,0573;2,8242;5,5752;0,3439;0,5938;5,7266;91;091/A/NBP/2020;
20200513;0,1314;4,2111;2,7290;0,5434;2,9984;2,5329;2,9706;4,5661;1,2924;4,3402;5,1694;0,1578;3,9337;0,1659;0,6124;2,8772;0,4139;0,4301;0,6031;0,9443;2,3346;0,6019;1,1982;0,5107;0,0837;0,1737;0,2279;0,7154;0,9730;0,0573;2,8329;5,5810;0,3438;0,5936;5,7267;92;092/A/NBP/2020;
20200514;0,1317;4,2269;2,7197;0,5453;2,9973;2,5292;2,9725;4,5693;1,2897;4,3445;5,1575;0,1584;3,9563;0,1657;0,6127;2,8865;0,4151;0,4296;0,6034;0,9446;2,3362;0,6066;1,1962;0,5176;0,0838;0,1744;0,2276;0,7180;0,9746;0,0572;2,8397;5,6020;0,3444;0,5958;5,7257;93;093/A/NBP/2020;
20200515;0,1313;4,2135;2,7224;0,5436;2,9995;2,5253;2,9606;4,5552;1,2872;4,3294;5,1425;0,1582;3,9354;0,1656;0,6109;2,8776;0,4143;0,4294;0,6014;0,9414;2,3290;0,6090;1,1927;0,5126;0,0831;0,1767;0,2290;0,7251;0,9693;0,0574;2,8355;5,5684;0,3425;0,5934;5,7350;94;094/A/NBP/2020;
20200518;0,1318;4,2224;2,7218;0,5447;3,0008;2,5134;2,9596;4,5644;1,2894;4,3419;5,1110;0,1589;3,9355;0,1652;0,6123;2,9017;0,4149;0,4290;0,6041;0,9430;2,3337;0,6137;1,1915;0,5102;0,0829;0,1769;0,2282;0,7213;0,9662;0,0578;2,8434;5,5589;0,3421;0,5933;5,7463;95;095/A/NBP/2020;
20200519;0,1305;4,1645;2,7308;0,5374;2,9914;2,5362;2,9414;4,5610;1,2958;4,2871;5,1024;0,1571;3,8748;0,1656;0,6118;2,9032;0,4172;0,4311;0,6028;0,9422;2,3320;0,6084;1,1816;0,5085;0,0821;0,1770;0,2285;0,7281;0,9585;0,0576;2,8196;5,5071;0,3398;0,5862;5,7191;96;096/A/NBP/2020;
20200520;0,1307;4,1619;2,7233;0,5370;2,9883;2,5394;2,9364;4,5540;1,3015;4,3013;5,0962;0,1565;3,8665;0,1659;0,6108;2,9099;0,4165;0,4308;0,6009;0,9403;2,3284;0,6141;1,1859;0,5083;0,0821;0,1771;0,2292;0,7230;0,9556;0,0577;2,8289;5,4904;0,3381;0,5856;5,6789;97;097/A/NBP/2020;
20200521;0,1299;4,1346;2,7169;0,5335;2,9717;2,5317;2,9226;4,5365;1,2998;4,2787;5,0543;0,1543;3,8364;0,1668;0,6084;2,9024;0,4158;0,4305;0,5989;0,9365;2,3195;0,6084;1,1755;0,5144;0,0817;0,1788;0,2309;0,7263;0,9516;0,0585;2,8108;5,4809;0,3362;0,5825;5,6519;98;098/A/NBP/2020;
20200522;0,1301;4,1503;2,7055;0,5350;2,9587;2,5325;2,9152;4,5234;1,2941;4,2688;5,0538;0,1551;3,8594;0,1660;0,6066;2,8940;0,4120;0,4285;0,5967;0,9341;2,3128;0,6096;1,1762;0,5163;0,0816;0,1797;0,2333;0,7473;0,9508;0,0578;2,8213;5,4581;0,3345;0,5812;5,6168;99;099/A/NBP/2020;
20200525;0,1295;4,1428;2,7082;0,5343;2,9636;2,5259;2,9060;4,5111;1,2870;4,2600;5,0460;0,1541;3,8451;0,1651;0,6049;2,8973;0,4139;0,4281;0,5949;0,9316;2,3065;0,6078;1,1740;0,5124;0,0816;0,1821;0,2356;0,7485;0,9493;0,0579;2,8161;5,4495;0,3338;0,5805;5,6342;100;100/A/NBP/2020;
20200526;0,1282;4,0885;2,7075;0,5274;2,9442;2,5249;2,8818;4,4800;1,2814;4,2226;5,0298;0,1519;3,7947;0,1650;0,6009;2,8997;0,4115;0,4244;0,5908;0,9255;2,2906;0,6030;1,1642;0,5081;0,0809;0,1840;0,2348;0,7511;0,9369;0,0575;2,7708;5,4119;0,3319;0,5732;5,5953;101;101/A/NBP/2020;
20200527;0,1271;4,0504;2,6934;0,5224;2,9431;2,5147;2,8566;4,4378;1,2705;4,1707;4,9829;0,1500;3,7640;0,1641;0,5950;2,9177;0,4090;0,4204;0,5851;0,9163;2,2690;0,5982;1,1554;0,5020;0,0799;0,1820;0,2317;0,7576;0,9304;0,0571;2,7534;5,3535;0,3278;0,5660;5,5187;102;102/A/NBP/2020;
20200528;0,1263;4,0244;2,6578;0,5190;2,9193;2,4863;2,8343;4,4264;1,2648;4,1494;4,9316;0,1496;3,7322;0,1638;0,5937;2,9314;0,4071;0,4189;0,5833;0,9138;2,2632;0,5939;1,1486;0,4907;0,0794;0,1800;0,2305;0,7630;0,9237;0,0566;2,7349;5,3081;0,3246;0,5620;5,5052;103;103/A/NBP/2020;
20200529;0,1258;4,0031;2,6614;0,5164;2,9064;2,4825;2,8349;4,4503;1,2775;4,1621;4,9213;0,1489;3,7332;0,1649;0,5970;2,9511;0,4108;0,4233;0,5864;0,9186;2,2754;0,5867;1,1408;0,4951;0,0793;0,1803;0,2281;0,7407;0,9213;0,0566;2,7403;5,3021;0,3236;0,5605;5,5167;104;104/A/NBP/2020;
20200601;0,1252;3,9680;2,6727;0,5119;2,8935;2,4750;2,8200;4,4202;1,2796;4,1401;4,9223;0,1479;3,6943;0,1647;0,5931;2,9273;0,4109;0,4227;0,5825;0,9134;2,2600;0,5821;1,1309;0,4966;0,0788;0,1802;0,2271;0,7436;0,9201;0,0570;2,7159;5,2540;0,3233;0,5564;5,4459;105;105/A/NBP/2020;
20200602;0,1247;3,9303;2,6897;0,5071;2,9097;2,4751;2,8043;4,3902;1,2736;4,1024;4,9334;0,1465;3,6466;0,1649;0,5890;2,9074;0,4116;0,4203;0,5785;0,9066;2,2447;0,5786;1,1277;0,4958;0,0782;0,1790;0,2275;0,7323;0,9184;0,0571;2,7266;5,2224;0,3216;0,5533;5,4157;106;106/A/NBP/2020;
20200603;0,1238;3,9121;2,6954;0,5048;2,8924;2,4979;2,7971;4,3859;1,2677;4,0635;4,9186;0,1461;3,5959;0,1652;0,5884;2,9046;0,4119;0,4209;0,5791;0,9065;2,2425;0,5824;1,1262;0,5033;0,0784;0,1809;0,2293;0,7522;0,9168;0,0572;2,7756;5,1846;0,3212;0,5501;5,4004;107;107/A/NBP/2020;
20200604;0,1253;3,9573;2,7300;0,5106;2,9327;2,5409;2,8228;4,4347;1,2833;4,1190;4,9536;0,1482;3,6283;0,1659;0,5949;2,9803;0,4172;0,4241;0,5857;0,9167;2,2674;0,5867;1,1364;0,5037;0,0792;0,1809;0,2325;0,7816;0,9255;0,0573;2,8074;5,2392;0,3247;0,5554;5,4526;108;108/A/NBP/2020;
20200605;0,1245;3,9217;2,7353;0,5060;2,9092;2,5480;2,8140;4,4443;1,2895;4,0948;4,9563;0,1474;3,5899;0,1671;0,5961;2,9848;0,4209;0,4271;0,5869;0,9183;2,2723;0,5797;1,1358;0,5088;0,0787;0,1803;0,2333;0,7662;0,9187;0,0571;2,8275;5,1883;0,3244;0,5530;5,4340;109;109/A/NBP/2020;
20200608;0,1246;3,9197;2,7428;0,5057;2,9253;2,5613;2,8179;4,4291;1,2888;4,0729;4,9779;0,1475;3,5795;0,1667;0,5940;2,9706;0,4232;0,4262;0,5853;0,9157;2,2645;0,5778;1,1321;0,5112;0,0786;0,1824;0,2344;0,7904;0,9185;0,0575;2,8229;5,1903;0,3263;0,5542;5,4011;110;110/A/NBP/2020;
20200609;0,1257;3,9453;2,7286;0,5091;2,9281;2,5586;2,8325;4,4436;1,2887;4,1303;4,9880;0,1481;3,6568;0,1665;0,5960;2,9683;0,4204;0,4252;0,5876;0,9184;2,2720;0,5825;1,1408;0,5141;0,0788;0,1809;0,2345;0,8181;0,9228;0,0573;2,8408;5,2207;0,3286;0,5566;5,4326;111;111/A/NBP/2020;
20200610;0,1258;3,9180;2,7417;0,5056;2,9256;2,5658;2,8294;4,4544;1,2957;4,1419;5,0010;0,1473;3,6508;0,1675;0,5975;2,9637;0,4237;0,4269;0,5885;0,9212;2,2775;0,5787;1,1358;0,5089;0,0786;0,1802;0,2364;0,7996;0,9213;0,0570;2,8026;5,1874;0,3294;0,5547;5,4472;112;112/A/NBP/2020;
20200612;0,1268;3,9299;2,7109;0,5071;2,8994;2,5411;2,8285;4,4506;1,2869;4,1538;4,9644;0,1470;3,6627;0,1670;0,5970;2,9261;0,4115;0,4245;0,5882;0,9197;2,2755;0,5755;1,1345;0,4957;0,0783;0,1746;0,2312;0,7897;0,9222;0,0565;2,7822;5,1814;0,3267;0,5556;5,4380;113;113/A/NBP/2020;
20200615;0,1269;3,9413;2,6883;0,5086;2,8889;2,5351;2,8263;4,4403;1,2786;4,1454;4,9430;0,1467;3,6727;0,1660;0,5955;2,9193;0,4059;0,4218;0,5870;0,9185;2,2703;0,5766;1,1308;0,4975;0,0783;0,1753;0,2286;0,7802;0,9213;0,0561;2,7923;5,1864;0,3244;0,5555;5,4308;114;114/A/NBP/2020;
20200616;0,1257;3,9058;2,7047;0,5039;2,8785;2,5240;2,8092;4,4278;1,2809;4,1187;4,9384;0,1461;3,6344;0,1664;0,5939;2,9188;0,4100;0,4206;0,5864;0,9158;2,2639;0,5715;1,1246;0,4986;0,0780;0,1769;0,2292;0,7574;0,9140;0,0560;2,7717;5,1390;0,3223;0,5514;5,4274;115;115/A/NBP/2020;
20200617;0,1268;3,9532;2,7287;0,5101;2,9220;2,5533;2,8373;4,4503;1,2915;4,1586;4,9646;0,1475;3,6796;0,1675;0,5969;2,9201;0,4155;0,4230;0,5900;0,9203;2,2754;0,5772;1,1451;0,5042;0,0789;0,1781;0,2304;0,7538;0,9235;0,0568;2,8072;5,1896;0,3258;0,5578;5,4455;116;116/A/NBP/2020;
20200618;0,1273;3,9589;2,7298;0,5108;2,9256;2,5565;2,8447;4,4534;1,2910;4,1685;4,9551;0,1479;3,6985;0,1673;0,5973;2,9222;0,4185;0,4240;0,5902;0,9204;2,2770;0,5769;1,1502;0,4939;0,0790;0,1782;0,2302;0,7571;0,9260;0,0571;2,8107;5,1992;0,3274;0,5593;5,4710;117;117/A/NBP/2020;
20200619;0,1282;3,9741;2,7276;0,5128;2,9250;2,5527;2,8508;4,4573;1,2877;4,1811;4,9328;0,1487;3,7163;0,1672;0,5978;2,9057;0,4170;0,4218;0,5897;0,9204;2,2790;0,5793;1,1541;0,4861;0,0793;0,1755;0,2286;0,7389;0,9292;0,0572;2,8185;5,2169;0,3289;0,5616;5,4828;118;118/A/NBP/2020;
20200622;0,1279;3,9667;2,7314;0,5118;2,9241;2,5600;2,8438;4,4524;1,2859;4,1769;4,9293;0,1488;3,7103;0,1672;0,5972;2,8799;0,4142;0,4222;0,5881;0,9195;2,2765;0,5786;1,1507;0,4853;0,0791;0,1763;0,2282;0,7467;0,9273;0,0572;2,7963;5,2182;0,3269;0,5606;5,4708;119;119/A/NBP/2020;
20200623;0,1269;3,9311;2,7206;0,5073;2,9051;2,5494;2,8239;4,4386;1,2711;4,1616;4,9075;0,1478;3,6727;0,1666;0,5954;2,8562;0,4125;0,4220;0,5859;0,9165;2,2694;0,5731;1,1450;0,4796;0,0784;0,1760;0,2280;0,7483;0,9193;0,0572;2,7762;5,1950;0,3251;0,5564;5,4543;120;120/A/NBP/2020;
20200624;0,1278;3,9395;2,7263;0,5084;2,9056;2,5384;2,8375;4,4532;1,2693;4,1702;4,9256;0,1478;3,6982;0,1669;0,5976;2,8437;0,4125;0,4234;0,5878;0,9194;2,2769;0,5745;1,1505;0,4809;0,0788;0,1756;0,2281;0,7646;0,9215;0,0571;2,7883;5,2090;0,3277;0,5569;5,4357;121;121/A/NBP/2020;
20200625;0,1282;3,9623;2,7267;0,5112;2,9074;2,5508;2,8467;4,4495;1,2575;4,1754;4,9307;0,1484;3,6958;0,1662;0,5970;2,8323;0,4100;0,4241;0,5880;0,9190;2,2750;0,5775;1,1510;0,4838;0,0792;0,1738;0,2271;0,7409;0,9262;0,0572;2,7953;5,2443;0,3292;0,5577;5,4564;122;122/A/NBP/2020;
20200626;0,1284;3,9697;2,7337;0,5122;2,9082;2,5591;2,8547;4,4616;1,2571;4,1919;4,9250;0,1487;3,7146;0,1665;0,5986;2,8710;0,4110;0,4261;0,5902;0,9215;2,2812;0,5790;1,1552;0,4906;0,0795;0,1746;0,2308;0,7405;0,9259;0,0574;2,7917;5,2511;0,3310;0,5593;5,4872;123;123/A/NBP/2020;
20200629;0,1284;3,9656;2,7260;0,5117;2,9029;2,5527;2,8485;4,4631;1,2550;4,1893;4,8900;0,1484;3,6992;0,1666;0,5988;2,8720;0,4092;0,4251;0,5894;0,9212;2,2819;0,5786;1,1539;0,4827;0,0796;0,1720;0,2299;0,7229;0,9255;0,0565;2,7839;5,2516;0,3304;0,5605;5,4862;124;124/A/NBP/2020;
20200630;0,1289;3,9806;2,7262;0,5136;2,9084;2,5479;2,8513;4,4660;1,2525;4,1818;4,8851;0,1493;3,6967;0,1666;0,5992;2,8739;0,4088;0,4249;0,5900;0,9220;2,2834;0,5807;1,1503;0,4845;0,0797;0,1720;0,2297;0,7366;0,9295;0,0564;2,7923;5,2681;0,3308;0,5632;5,4609;125;125/A/NBP/2020;
20200701;0,1279;3,9591;2,7369;0,5108;2,9205;2,5597;2,8418;4,4465;1,2574;4,1804;4,9043;0,1480;3,6818;0,1668;0,5966;2,8613;0,4150;0,4247;0,5878;0,9193;2,2734;0,5791;1,1454;0,4812;0,0794;0,1734;0,2298;0,7247;0,9238;0,0558;2,7754;5,2383;0,3292;0,5607;5,4626;126;126/A/NBP/2020;
20200702;0,1273;3,9528;2,7401;0,5100;2,9100;2,5763;2,8399;4,4659;1,2700;4,1920;4,9500;0,1455;3,6817;0,1678;0,5994;2,8664;0,4187;0,4276;0,5905;0,9242;2,2834;0,5764;1,1470;0,4888;0,0796;0,1751;0,2339;0,7433;0,9223;0,0562;2,7491;5,2954;0,3298;0,5595;5,4910;127;127/A/NBP/2020;
20200703;0,1278;3,9764;2,7581;0,5131;2,9316;2,5956;2,8520;4,4671;1,2720;4,2018;4,9560;0,1465;3,7004;0,1678;0,5995;2,8580;0,4183;0,4269;0,5910;0,9233;2,2840;0,5800;1,1582;0,4964;0,0803;0,1771;0,2348;0,7419;0,9276;0,0564;2,7405;5,3221;0,3316;0,5626;5,4654;128;128/A/NBP/2020;
20200706;0,1274;3,9588;2,7564;0,5108;2,9236;2,5897;2,8419;4,4697;1,2667;4,2020;4,9449;0,1461;3,6803;0,1674;0,5999;2,8560;0,4203;0,4268;0,5918;0,9240;2,2853;0,5763;1,1498;0,4933;0,0802;0,1776;0,2324;0,7449;0,9243;0,0552;2,7321;5,2993;0,3314;0,5628;5,4903;129;129/A/NBP/2020;
20200707;0,1272;3,9689;2,7488;0,5121;2,9221;2,5885;2,8432;4,4710;1,2639;4,2027;4,9496;0,1475;3,6859;0,1673;0,5999;2,8478;0,4193;0,4265;0,5923;0,9240;2,2860;0,5779;1,1454;0,4965;0,0801;0,1753;0,2316;0,7410;0,9279;0,0551;2,7486;5,2977;0,3315;0,5650;5,4919;130;130/A/NBP/2020;
20200708;0,1270;3,9666;2,7526;0,5118;2,9158;2,5942;2,8413;4,4739;1,2600;4,2121;4,9699;0,1471;3,6874;0,1673;0,6005;2,8460;0,4183;0,4290;0,5934;0,9245;2,2874;0,5776;1,1476;0,5024;0,0801;0,1747;0,2323;0,7373;0,9280;0,0558;2,7527;5,2886;0,3316;0,5652;5,4738;131;131/A/NBP/2020;
20200709;0,1266;3,9486;2,7579;0,5095;2,9257;2,5976;2,8367;4,4738;1,2627;4,2081;4,9914;0,1466;3,6805;0,1679;0,6005;2,8297;0,4206;0,4298;0,5937;0,9241;2,2874;0,5747;1,1461;0,5018;0,0799;0,1742;0,2344;0,7389;0,9267;0,0558;2,7431;5,2633;0,3305;0,5651;5,4791;132;132/A/NBP/2020;
20200710;0,1266;3,9646;2,7527;0,5116;2,9124;2,6007;2,8467;4,4745;1,2650;4,2099;4,9941;0,1471;3,7134;0,1675;0,6007;2,8195;0,4176;0,4302;0,5944;0,9244;2,2878;0,5792;1,1478;0,5028;0,0802;0,1742;0,2345;0,7426;0,9291;0,0557;2,7466;5,2719;0,3301;0,5656;5,4660;133;133/A/NBP/2020;
20200713;0,1261;3,9564;2,7551;0,5105;2,9164;2,5952;2,8450;4,4745;1,2646;4,2006;4,9886;0,1460;3,6955;0,1675;0,6010;2,8106;0,4184;0,4303;0,5938;0,9237;2,2878;0,5780;1,1474;0,4993;0,0800;0,1759;0,2357;0,7431;0,9275;0,0559;2,7427;5,2623;0,3289;0,5651;5,4938;134;134/A/NBP/2020;
20200714;0,1253;3,9570;2,7479;0,5106;2,9035;2,5819;2,8387;4,4916;1,2648;4,2117;4,9576;0,1458;3,6874;0,1683;0,6033;2,8143;0,4185;0,4313;0,5966;0,9274;2,2965;0,5763;1,1492;0,5010;0,0799;0,1744;0,2353;0,7323;0,9265;0,0556;2,7384;5,2484;0,3283;0,5639;5,4931;135;135/A/NBP/2020;
20200715;0,1242;3,9117;2,7389;0,5047;2,8806;2,5634;2,8171;4,4738;1,2642;4,1677;4,9309;0,1442;3,6590;0,1680;0,6009;2,8031;0,4195;0,4320;0,5942;0,9235;2,2874;0,5697;1,1391;0,4974;0,0792;0,1752;0,2354;0,7286;0,9176;0,0553;2,6815;5,2069;0,3258;0,5596;5,4497;136;136/A/NBP/2020;
20200716;0,1245;3,9422;2,7528;0,5084;2,9144;2,5828;2,8299;4,4913;1,2682;4,1719;4,9434;0,1445;3,6824;0,1682;0,6033;2,8071;0,4221;0,4332;0,5961;0,9274;2,2963;0,5764;1,1489;0,5041;0,0796;0,1759;0,2365;0,7341;0,9231;0,0553;2,6955;5,2398;0,3273;0,5630;5,4567;137;137/A/NBP/2020;
20200717;0,1239;3,9263;2,7457;0,5064;2,8931;2,5729;2,8248;4,4827;1,2669;4,1647;4,9331;0,1435;3,6649;0,1678;0,6021;2,7982;0,4230;0,4338;0,5946;0,9256;2,2919;0,5724;1,1425;0,4974;0,0794;0,1751;0,2351;0,7365;0,9198;0,0546;2,6719;5,2365;0,3261;0,5610;5,4487;138;138/A/NBP/2020;
20200720;0,1226;3,8997;2,7285;0,5030;2,8736;2,5601;2,8046;4,4683;1,2685;4,1513;4,9091;0,1411;3,6376;0,1679;0,5999;2,7892;0,4211;0,4335;0,5933;0,9226;2,2846;0,5686;1,1374;0,4950;0,0790;0,1732;0,2338;0,7243;0,9149;0,0542;2,6376;5,2078;0,3241;0,5580;5,4304;139;139/A/NBP/2020;
20200721;0,1225;3,8812;2,7383;0,5007;2,8765;2,5553;2,7925;4,4417;1,2630;4,1355;4,9276;0,1402;3,6173;0,1674;0,5967;2,7761;0,4226;0,4333;0,5899;0,9174;2,2710;0,5660;1,1322;0,4936;0,0786;0,1733;0,2346;0,7283;0,9107;0,0548;2,6334;5,2004;0,3245;0,5551;5,3946;140;140/A/NBP/2020;
20200722;0,1218;3,8534;2,7461;0,4971;2,8602;2,5606;2,7804;4,4401;1,2677;4,1248;4,8771;0,1387;3,6002;0,1682;0,5965;2,8084;0,4204;0,4331;0,5904;0,9171;2,2702;0,5625;1,1255;0,4994;0,0781;0,1719;0,2339;0,7452;0,9052;0,0544;2,6303;5,1587;0,3217;0,5495;5,3955;141;141/A/NBP/2020;
20200723;0,1202;3,8060;2,7213;0,4910;2,8447;2,5436;2,7512;4,4108;1,2722;4,1014;4,8412;0,1364;3,5524;0,1678;0,5926;2,7952;0,4173;0,4305;0,5863;0,9124;2,2552;0,5577;1,1126;0,4956;0,0771;0,1706;0,2309;0,7434;0,8951;0,0536;2,6104;5,0904;0,3181;0,5436;5,3174;142;142/A/NBP/2020;
20200724;0,1200;3,8029;2,6929;0,4907;2,8312;2,5203;2,7453;4,4117;1,2697;4,1089;4,8406;0,1371;3,5737;0,1677;0,5927;2,7958;0,4119;0,4287;0,5870;0,9126;2,2556;0,5571;1,1124;0,4936;0,0770;0,1687;0,2272;0,7297;0,8920;0,0533;2,6029;5,0820;0,3160;0,5421;5,3238;143;143/A/NBP/2020;
20200727;0,1193;3,7643;2,6811;0,4856;2,8105;2,5075;2,7266;4,4023;1,2731;4,0893;4,8326;0,1356;3,5671;0,1680;0,5914;2,7863;0,4132;0,4288;0,5857;0,9119;2,2508;0,5493;1,1032;0,4862;0,0765;0,1691;0,2277;0,7193;0,8852;0,0526;2,5925;5,0303;0,3143;0,5376;5,2967;144;144/A/NBP/2020;
20200728;0,1188;3,7532;2,6806;0,4842;2,8061;2,4973;2,7189;4,3987;1,2707;4,0787;4,8335;0,1356;3,5603;0,1678;0,5910;2,7770;0,4112;0,4277;0,5861;0,9102;2,2490;0,5463;1,0994;0,4884;0,0763;0,1703;0,2275;0,7295;0,8825;0,0522;2,5819;5,0150;0,3128;0,5358;5,2547;145;145/A/NBP/2020;
20200729;0,1195;3,7610;2,7009;0,4853;2,8173;2,5075;2,7355;4,4194;1,2727;4,1078;4,8766;0,1358;3,5848;0,1684;0,5938;2,7865;0,4142;0,4301;0,5897;0,9139;2,2596;0,5397;1,1040;0,4917;0,0766;0,1718;0,2288;0,7298;0,8863;0,0521;2,5876;5,0341;0,3154;0,5373;5,3014;146;146/A/NBP/2020;
20200730;0,1196;3,7549;2,6795;0,4845;2,7982;2,4878;2,7291;4,4090;1,2748;4,1058;4,8761;0,1356;3,5728;0,1678;0,5924;2,7730;0,4116;0,4277;0,5889;0,9126;2,2543;0,5372;1,1019;0,4958;0,0764;0,1693;0,2235;0,7262;0,8850;0,0511;2,5718;5,0154;0,3140;0,5360;5,2900;147;147/A/NBP/2020;
20200731;0,1191;3,7166;2,6727;0,4796;2,7695;2,4829;2,7105;4,4072;1,2784;4,0946;4,8790;0,1342;3,5502;0,1685;0,5920;2,7614;0,4102;0,4283;0,5886;0,9120;2,2533;0,5327;1,0908;0,4881;0,0758;0,1679;0,2194;0,7209;0,8767;0,0503;2,5456;4,9664;0,3124;0,5328;5,2808;148;148/A/NBP/2020;
20200803;0,1202;3,7499;2,6721;0,4838;2,7950;2,4884;2,7273;4,4168;1,2811;4,0887;4,9125;0,1353;3,5509;0,1679;0,5931;2,7605;0,4107;0,4283;0,5910;0,9137;2,2583;0,5367;1,0976;0,4955;0,0764;0,1677;0,2179;0,7181;0,8876;0,0507;2,5630;4,9981;0,3139;0,5374;5,2678;149;149/A/NBP/2020;
20200804;0,1201;3,7364;2,6693;0,4821;2,7951;2,4705;2,7174;4,4060;1,2779;4,0806;4,8828;0,1342;3,5265;0,1681;0,5918;2,7538;0,4097;0,4281;0,5899;0,9114;2,2527;0,5361;1,0960;0,4931;0,0761;0,1655;0,2166;0,7023;0,8849;0,0508;2,5557;4,9797;0,3130;0,5352;5,2818;150;150/A/NBP/2020;
20200805;0,1198;3,7143;2,6744;0,4792;2,7983;2,4712;2,7111;4,3979;1,2715;4,0810;4,8665;0,1342;3,5144;0,1683;0,5904;2,7487;0,4105;0,4270;0,5889;0,9099;2,2486;0,5287;1,0870;0,4813;0,0757;0,1648;0,2153;0,7020;0,8848;0,0508;2,5527;4,9632;0,3128;0,5350;5,2610;151;151/A/NBP/2020;
20200806;0,1197;3,7240;2,6753;0,4805;2,8028;2,4720;2,7167;4,4101;1,2736;4,0996;4,9009;0,1347;3,5237;0,1687;0,5919;2,7529;0,4143;0,4278;0,5905;0,9118;2,2548;0,5200;1,0926;0,4790;0,0759;0,1655;0,2120;0,7037;0,8887;0,0508;2,5532;4,9658;0,3140;0,5361;5,2531;152;152/A/NBP/2020;
20200807;0,1197;3,7302;2,6912;0,4813;2,7937;2,4824;2,7214;4,4139;1,2750;4,0856;4,8878;0,1349;3,5324;0,1678;0,5925;2,7552;0,4142;0,4280;0,5916;0,9124;2,2568;0,5063;1,0943;0,4822;0,0761;0,1658;0,2118;0,6995;0,8902;0,0507;2,5505;4,9782;0,3147;0,5359;5,2657;153;153/A/NBP/2020;
20200810;0,1201;3,7393;2,6776;0,4825;2,7950;2,4673;2,7231;4,4023;1,2746;4,0843;4,8904;0,1355;3,5295;0,1676;0,5911;2,7412;0,4141;0,4276;0,5899;0,9102;2,2508;0,5103;1,0982;0,4741;0,0762;0,1668;0,2114;0,6875;0,8910;0,0508;2,5542;4,9924;0,3150;0,5364;5,2563;154;154/A/NBP/2020;
20200811;0,1203;3,7390;2,6822;0,4825;2,8103;2,4750;2,7246;4,4016;1,2762;4,0896;4,8934;0,1355;3,5237;0,1679;0,5910;2,7322;0,4162;0,4283;0,5887;0,9105;2,2505;0,5151;1,0991;0,4639;0,0763;0,1674;0,2128;0,6821;0,8907;0,0513;2,5470;5,0106;0,3156;0,5380;5,2641;155;155/A/NBP/2020;
20200812;0,1206;3,7558;2,6767;0,4846;2,8216;2,4574;2,7340;4,4123;1,2763;4,1005;4,9028;0,1364;3,5161;0,1684;0,5925;2,7389;0,4180;0,4296;0,5901;0,9125;2,2560;0,5128;1,1032;0,4727;0,0768;0,1678;0,2145;0,6979;0,8958;0,0513;2,5446;5,0191;0,3170;0,5405;5,2786;156;156/A/NBP/2020;
20200813;0,1198;3,7176;2,6650;0,4797;2,8108;2,4419;2,7115;4,4011;1,2758;4,0887;4,8652;0,1357;3,4824;0,1685;0,5910;2,7319;0,4178;0,4285;0,5863;0,9104;2,2502;0,5049;1,0917;0,4692;0,0762;0,1663;0,2127;0,6839;0,8870;0,0506;2,5162;4,9696;0,3140;0,5354;5,2641;157;157/A/NBP/2020;
20200814;0,1197;3,7227;2,6610;0,4803;2,8107;2,4338;2,7128;4,3988;1,2703;4,0906;4,8692;0,1360;3,4883;0,1684;0,5905;2,7305;0,4174;0,4273;0,5839;0,9097;2,2490;0,5051;1,0939;0,4691;0,0764;0,1678;0,2131;0,6934;0,8877;0,0507;2,5160;4,9718;0,3138;0,5356;5,2456;158;158/A/NBP/2020;
20200817;0,1188;3,7076;2,6621;0,4784;2,8013;2,4209;2,7065;4,3892;1,2610;4,0828;4,8537;0,1358;3,4818;0,1682;0,5894;2,7211;0,4176;0,4265;0,5830;0,9079;2,2441;0,5015;1,0881;0,4649;0,0762;0,1686;0,2128;0,6839;0,8843;0,0506;2,5061;4,9523;0,3126;0,5342;5,2377;159;159/A/NBP/2020;
20200818;0,1185;3,6895;2,6702;0,4762;2,8036;2,4204;2,7034;4,3953;1,2563;4,0773;4,8599;0,1355;3,4951;0,1683;0,5903;2,7266;0,4179;0,4256;0,5835;0,9091;2,2473;0,4994;1,0844;0,4568;0,0760;0,1672;0,2119;0,6696;0,8821;0,0504;2,4851;4,9427;0,3114;0,5331;5,2352;160;160/A/NBP/2020;
20200819;0,1177;3,6732;2,6702;0,4740;2,7949;2,4378;2,6940;4,3864;1,2544;4,0707;4,8651;0,1344;3,4857;0,1681;0,5891;2,7160;0,4162;0,4252;0,5823;0,9060;2,2427;0,4980;1,0803;0,4622;0,0757;0,1660;0,2130;0,6718;0,8798;0,0501;2,4868;4,9098;0,3117;0,5319;5,2154;161;161/A/NBP/2020;
20200820;0,1183;3,7164;2,6598;0,4795;2,8117;2,4282;2,7128;4,3991;1,2536;4,0734;4,8714;0,1353;3,5081;0,1687;0,5909;2,7172;0,4156;0,4258;0,5844;0,9090;2,2492;0,5079;1,0922;0,4738;0,0764;0,1674;0,2148;0,6687;0,8907;0,0503;2,5160;4,9514;0,3130;0,5370;5,2284;162;162/A/NBP/2020;
20200821;0,1178;3,7164;2,6689;0,4795;2,8161;2,4281;2,7160;4,3902;1,2529;4,0814;4,9058;0,1357;3,5220;0,1685;0,5897;2,7067;0,4152;0,4243;0,5835;0,9071;2,2447;0,5144;1,0918;0,4727;0,0764;0,1681;0,2149;0,6688;0,8895;0,0501;2,5162;4,9632;0,3126;0,5376;5,2334;163;163/A/NBP/2020;
20200824;0,1185;3,7273;2,6760;0,4809;2,8321;2,4339;2,7217;4,4064;1,2523;4,0959;4,8841;0,1357;3,5217;0,1687;0,5919;2,7100;0,4148;0,4255;0,5851;0,9103;2,2529;0,5062;1,0951;0,4700;0,0768;0,1700;0,2192;0,6633;0,8927;0,0502;2,5408;5,0304;0,3139;0,5392;5,2851;164;164/A/NBP/2020;
20200825;0,1180;3,7144;2,6598;0,4792;2,8090;2,4250;2,7121;4,3915;1,2416;4,0842;4,8686;0,1353;3,4925;0,1684;0,5901;2,6975;0,4142;0,4239;0,5831;0,9074;2,2453;0,5021;1,0917;0,4726;0,0766;0,1690;0,2206;0,6620;0,8906;0,0497;2,5363;5,0023;0,3129;0,5373;5,2365;165;165/A/NBP/2020;
20200826;0,1189;3,7269;2,6855;0,4809;2,8283;2,4481;2,7251;4,4032;1,2440;4,0947;4,9036;0,1359;3,5087;0,1680;0,5915;2,7030;0,4165;0,4256;0,5851;0,9096;2,2513;0,5075;1,0959;0,4735;0,0768;0,1701;0,2221;0,6765;0,8936;0,0493;2,5401;5,0162;0,3141;0,5409;5,2615;166;166/A/NBP/2020;
20200827;0,1194;3,7286;2,7044;0,4811;2,8355;2,4741;2,7310;4,4124;1,2385;4,1078;4,9265;0,1358;3,5157;0,1678;0,5928;2,7037;0,4192;0,4279;0,5863;0,9112;2,2560;0,5083;1,0965;0,4752;0,0767;0,1699;0,2212;0,6648;0,8935;0,0497;2,5433;5,0494;0,3149;0,5417;5,2855;167;167/A/NBP/2020;
20200828;0,1186;3,6983;2,7053;0,4772;2,8287;2,4729;2,7182;4,4043;1,2379;4,0945;4,9117;0,1346;3,4935;0,1677;0,5917;2,6938;0,4198;0,4285;0,5853;0,9100;2,2519;0,5055;1,0971;0,4715;0,0763;0,1681;0,2198;0,6640;0,8864;0,0497;2,5287;5,0433;0,3124;0,5387;5,2687;168;168/A/NBP/2020;
20200831;0,1186;3,6924;2,7169;0,4765;2,8252;2,4857;2,7140;4,3969;1,2419;4,0884;4,9166;0,1339;3,4871;0,1677;0,5907;2,6859;0,4205;0,4274;0,5843;0,9085;2,2481;0,5031;1,0969;0,4737;0,0762;0,1691;0,2215;0,6852;0,8864;0,0500;2,5355;5,0236;0,3110;0,5390;5,2342;169;169/A/NBP/2020;
20200901;0,1181;3,6707;2,7106;0,4736;2,8238;2,4847;2,7034;4,3946;1,2375;4,0659;4,9256;0,1329;3,4706;0,1677;0,5904;2,6780;0,4219;0,4254;0,5838;0,9081;2,2469;0,4997;1,0933;0,4728;0,0757;0,1683;0,2197;0,6683;0,8861;0,0499;2,5193;5,0258;0,3099;0,5377;5,2224;170;170/A/NBP/2020;
20200902;0,1190;3,7191;2,7305;0,4799;2,8461;2,5134;2,7310;4,4097;1,2348;4,0742;4,9614;0,1345;3,5020;0,1675;0,5926;2,6839;0,4236;0,4279;0,5854;0,9107;2,2546;0,5038;1,1055;0,4822;0,0765;0,1704;0,2223;0,6889;0,8971;0,0502;2,5223;5,0879;0,3133;0,5447;5,2368;171;171/A/NBP/2020;
20200903;0,1191;3,7337;2,7319;0,4818;2,8555;2,5218;2,7389;4,4181;1,2351;4,0975;4,9697;0,1351;3,5140;0,1681;0,5938;2,6858;0,4208;0,4276;0,5863;0,9121;2,2589;0,5022;1,1094;0,4841;0,0769;0,1722;0,2232;0,6991;0,9011;0,0496;2,5270;5,0879;0,3141;0,5464;5,2791;172;172/A/NBP/2020;
20200904;0,1196;3,7533;2,7362;0,4842;2,8664;2,5232;2,7520;4,4508;1,2382;4,1259;4,9953;0,1355;3,5336;0,1685;0,5981;2,7024;0,4223;0,4297;0,5903;0,9177;2,2756;0,5046;1,1145;0,4843;0,0773;0,1738;0,2256;0,7094;0,9045;0,0500;2,5450;5,1300;0,3158;0,5488;5,3267;173;173/A/NBP/2020;
20200907;0,1201;3,7666;2,7429;0,4860;2,8739;2,5251;2,7576;4,4570;1,2380;4,1253;4,9688;0,1358;3,5467;0,1681;0,5990;2,7061;0,4212;0,4304;0,5912;0,9181;2,2788;0,5050;1,1143;0,4882;0,0775;0,1743;0,2260;0,7108;0,9068;0,0498;2,5556;5,1315;0,3172;0,5514;5,3279;174;174/A/NBP/2020;
20200908;0,1198;3,7652;2,7368;0,4858;2,8652;2,5137;2,7513;4,4461;1,2345;4,1027;4,9341;0,1354;3,5421;0,1676;0,5975;2,6962;0,4194;0,4285;0,5899;0,9158;2,2732;0,5044;1,1133;0,4857;0,0775;0,1733;0,2235;0,7104;0,9038;0,0495;2,5500;5,1119;0,3167;0,5509;5,3148;175;175/A/NBP/2020;
20200909;0,1207;3,7871;2,7377;0,4886;2,8617;2,5099;2,7633;4,4550;1,2443;4,1256;4,9002;0,1360;3,5731;0,1681;0,5987;2,6951;0,4146;0,4291;0,5918;0,9167;2,2778;0,5053;1,1127;0,4899;0,0779;0,1736;0,2247;0,7063;0,9081;0,0498;2,5616;5,1506;0,3189;0,5530;5,3366;176;176/A/NBP/2020;
20200910;0,1201;3,7610;2,7342;0,4853;2,8577;2,5109;2,7483;4,4504;1,2447;4,1389;4,8949;0,1351;3,5454;0,1675;0,5982;2,6874;0,4170;0,4300;0,5907;0,9161;2,2754;0,5034;1,1031;0,4906;0,0774;0,1757;0,2260;0,7083;0,9030;0,0498;2,5315;5,1180;0,3168;0,5499;5,3262;177;177/A/NBP/2020;
20200911;0,1198;3,7534;2,7379;0,4843;2,8490;2,5072;2,7468;4,4504;1,2450;4,1309;4,7983;0,1345;3,5332;0,1676;0,5981;2,7557;0,4159;0,4290;0,5904;0,9163;2,2754;0,5026;1,0901;0,4855;0,0773;0,1762;0,2241;0,7053;0,9036;0,0501;2,5207;5,1054;0,3162;0,5492;5,3080;178;178/A/NBP/2020;
20200914;0,1198;3,7522;2,7289;0,4842;2,8482;2,5115;2,7466;4,4490;1,2434;4,1334;4,8207;0,1339;3,5401;0,1673;0,5980;2,7599;0,4164;0,4278;0,5902;0,9161;2,2747;0,5007;1,0893;0,4874;0,0774;0,1770;0,2252;0,7054;0,9058;0,0501;2,5216;5,1035;0,3173;0,5499;5,3004;179;179/A/NBP/2020;
20200915;0,1200;3,7445;2,7389;0,4832;2,8439;2,5188;2,7519;4,4492;1,2441;4,1321;4,8232;0,1334;3,5394;0,1663;0,5980;2,7773;0,4152;0,4279;0,5904;0,9161;2,2748;0,4993;1,0949;0,4893;0,0773;0,1775;0,2252;0,7106;0,9065;0,0498;2,5224;5,0860;0,3175;0,5527;5,2970;180;180/A/NBP/2020;
20200916;0,1205;3,7526;2,7491;0,4842;2,8495;2,5298;2,7638;4,4528;1,2405;4,1373;4,8447;0,1335;3,5672;0,1664;0,5985;2,7726;0,4175;0,4279;0,5907;0,9163;2,2767;0,5007;1,0983;0,4917;0,0776;0,1786;0,2292;0,7112;0,9085;0,0501;2,5295;5,1017;0,3198;0,5549;5,3044;181;181/A/NBP/2020;
20200917;0,1210;3,7713;2,7519;0,4866;2,8550;2,5356;2,7736;4,4514;1,2365;4,1410;4,8874;0,1340;3,6003;0,1666;0,5983;2,7683;0,4165;0,4272;0,5903;0,9159;2,2759;0,4994;1,1012;0,4960;0,0778;0,1789;0,2305;0,7200;0,9112;0,0501;2,5430;5,1221;0,3217;0,5571;5,3138;182;182/A/NBP/2020;
20200918;0,1211;3,7585;2,7470;0,4850;2,8562;2,5493;2,7719;4,4574;1,2349;4,1378;4,8811;0,1334;3,5973;0,1671;0,5991;2,7720;0,4155;0,4280;0,5910;0,9174;2,2790;0,4969;1,1001;0,4938;0,0776;0,1799;0,2330;0,7173;0,9117;0,0501;2,5507;5,1179;0,3239;0,5562;5,3209;183;183/A/NBP/2020;
20200921;0,1216;3,7963;2,7634;0,4898;2,8710;2,5554;2,7951;4,4800;1,2344;4,1560;4,8759;0,1346;3,6461;0,1667;0,6021;2,7792;0,4130;0,4303;0,5939;0,9221;2,2906;0,4994;1,1048;0,4973;0,0784;0,1773;0,2298;0,7044;0,9216;0,0497;2,5826;5,1646;0,3265;0,5603;5,3634;184;184/A/NBP/2020;
20200922;0,1223;3,8359;2,7654;0,4950;2,8820;2,5584;2,8129;4,5055;1,2431;4,1902;4,9195;0,1361;3,6688;0,1660;0,6055;2,7881;0,4120;0,4329;0,5973;0,9273;2,3036;0,5010;1,1093;0,4953;0,0792;0,1793;0,2285;0,7084;0,9276;0,0503;2,5945;5,2177;0,3299;0,5652;5,4022;185;185/A/NBP/2020;
20200923;0,1220;3,8399;2,7363;0,4955;2,8825;2,5340;2,8119;4,4946;1,2343;4,1740;4,8785;0,1362;3,6546;0,1668;0,6039;2,7882;0,4098;0,4304;0,5954;0,9239;2,2980;0,4997;1,1130;0,4941;0,0792;0,1759;0,2276;0,7018;0,9248;0,0504;2,5921;5,2238;0,3305;0,5655;5,4053;186;186/A/NBP/2020;
20200924;0,1229;3,8833;2,7375;0,5011;2,8990;2,5357;2,8244;4,5272;1,2394;4,1998;4,9467;0,1375;3,6866;0,1675;0,6082;2,8050;0,4063;0,4282;0,5994;0,9290;2,3147;0,5036;1,1175;0,4958;0,0800;0,1732;0,2277;0,6943;0,9319;0,0502;2,6082;5,2547;0,3309;0,5689;5,4509;187;187/A/NBP/2020;
20200925;0,1237;3,9016;2,7585;0,5034;2,9213;2,5649;2,8383;4,5477;1,2545;4,2095;4,9802;0,1380;3,7003;0,1681;0,6108;2,8107;0,4090;0,4282;0,6023;0,9319;2,3252;0,5154;1,1216;0,4981;0,0805;0,1765;0,2316;0,7081;0,9363;0,0507;2,6238;5,3025;0,3328;0,5722;5,4835;188;188/A/NBP/2020;
20200928;0,1232;3,9083;2,7526;0,5043;2,9179;2,5588;2,8410;4,5497;1,2503;4,2160;5,0121;0,1381;3,7104;0,1676;0,6111;2,8119;0,4081;0,4294;0,6028;0,9330;2,3262;0,5023;1,1242;0,4959;0,0806;0,1746;0,2278;0,7026;0,9360;0,0496;2,6230;5,2984;0,3332;0,5733;5,4885;189;189/A/NBP/2020;
20200929;0,1240;3,9228;2,7887;0,5061;2,9358;2,5821;2,8627;4,5834;1,2524;4,2500;5,0522;0,1387;3,7123;0,1685;0,6157;2,8328;0,4138;0,4344;0,6069;0,9408;2,3434;0,4996;1,1335;0,5000;0,0809;0,1748;0,2290;0,6930;0,9429;0,0492;2,6339;5,3153;0,3357;0,5754;5,5244;190;190/A/NBP/2020;
20200930;0,1221;3,8658;2,7515;0,4988;2,8843;2,5434;2,8220;4,5268;1,2412;4,1878;4,9560;0,1365;3,6586;0,1666;0,6079;2,7909;0,4087;0,4296;0,5991;0,9291;2,3145;0,4983;1,1200;0,4927;0,0797;0,1729;0,2290;0,6864;0,9303;0,0493;2,5980;5,2415;0,3303;0,5674;5,4439;191;191/A/NBP/2020;
20201001;0,1218;3,8513;2,7636;0,4969;2,8934;2,5528;2,8238;4,5153;1,2476;4,1884;4,9391;0,1359;3,6473;0,1674;0,6068;2,7838;0,4144;0,4302;0,5973;0,9263;2,3086;0,4986;1,1245;0,4906;0,0795;0,1752;0,2316;0,6864;0,9281;0,0498;2,5961;5,2580;0,3308;0,5671;5,4284;192;192/A/NBP/2020;
20201002;0,1213;3,8366;2,7425;0,4950;2,8822;2,5428;2,8117;4,4940;1,2526;4,1648;4,9674;0,1354;3,6473;0,1672;0,6039;2,7707;0,4125;0,4310;0,5944;0,9217;2,2977;0,4941;1,1176;0,4875;0,0791;0,1749;0,2300;0,6798;0,9217;0,0489;2,5819;5,2244;0,3296;0,5650;5,3939;193;193/A/NBP/2020;
20201005;0,1216;3,8252;2,7468;0,4936;2,8820;2,5413;2,8094;4,4944;1,2551;4,1737;4,9541;0,1347;3,6210;0,1656;0,6041;2,7709;0,4126;0,4295;0,5940;0,9229;2,2979;0,4936;1,1178;0,4845;0,0790;0,1778;0,2331;0,6731;0,9200;0,0488;2,5847;5,2209;0,3297;0,5651;5,4028;194;194/A/NBP/2020;
20201006;0,1224;3,8180;2,7336;0,4926;2,8787;2,5354;2,8073;4,4961;1,2470;4,1729;4,9598;0,1347;3,6170;0,1660;0,6043;2,7651;0,4138;0,4285;0,5942;0,9218;2,2988;0,4903;1,1193;0,4780;0,0788;0,1775;0,2292;0,6849;0,9186;0,0486;2,5911;5,1990;0,3287;0,5653;5,3944;195;195/A/NBP/2020;
20201007;0,1221;3,8126;2,7213;0,4920;2,8681;2,5156;2,8066;4,4832;1,2469;4,1555;4,9204;0,1346;3,5974;0,1662;0,6025;2,7538;0,4089;0,4265;0,5925;0,9196;2,2922;0,4866;1,1189;0,4774;0,0787;0,1773;0,2300;0,6816;0,9173;0,0488;2,5922;5,2012;0,3293;0,5637;5,3705;196;196/A/NBP/2020;
20201008;0,1225;3,8175;2,7356;0,4926;2,8839;2,5162;2,8120;4,4900;1,2553;4,1603;4,9460;0,1350;3,6024;0,1654;0,6033;2,7580;0,4118;0,4299;0,5934;0,9209;2,2957;0,4808;1,1239;0,4804;0,0788;0,1783;0,2297;0,6802;0,9189;0,0489;2,5954;5,2137;0,3315;0,5646;5,3834;197;197/A/NBP/2020;
20201009;0,1221;3,7913;2,7261;0,4892;2,8804;2,5090;2,7965;4,4745;1,2537;4,1536;4,9089;0,1344;3,5813;0,1648;0,6011;2,7485;0,4106;0,4284;0,5913;0,9184;2,2878;0,4783;1,1219;0,4748;0,0784;0,1781;0,2303;0,6770;0,9146;0,0492;2,5791;5,1842;0,3312;0,5652;5,3683;198;198/A/NBP/2020;
20201012;0,1217;3,7927;2,7381;0,4894;2,8872;2,5232;2,7966;4,4798;1,2563;4,1640;4,9364;0,1344;3,5916;0,1649;0,6019;2,7517;0,4148;0,4310;0,5917;0,9195;2,2905;0,4802;1,1168;0,4772;0,0782;0,1786;0,2295;0,6857;0,9148;0,0492;2,5802;5,1718;0,3297;0,5625;5,3727;199;199/A/NBP/2020;
20201013;0,1219;3,7932;2,7308;0,4895;2,8944;2,5284;2,7933;4,4737;1,2469;4,1664;4,9554;0,1339;3,5977;0,1637;0,6011;2,7446;0,4146;0,4317;0,5907;0,9179;2,2873;0,4818;1,1206;0,4759;0,0781;0,1786;0,2300;0,6857;0,9158;0,0492;2,5778;5,1749;0,3312;0,5631;5,3654;200;200/A/NBP/2020;
20201014;0,1229;3,8301;2,7484;0,4942;2,9186;2,5522;2,8225;4,4963;1,2368;4,1883;4,9429;0,1351;3,6347;0,1643;0,6041;2,7585;0,4144;0,4341;0,5932;0,9223;2,2989;0,4819;1,1317;0,4794;0,0787;0,1798;0,2320;0,6876;0,9232;0,0496;2,6037;5,2289;0,3345;0,5687;5,3964;201;201/A/NBP/2020;
20201015;0,1246;3,8904;2,7507;0,5021;2,9489;2,5666;2,8594;4,5545;1,2464;4,2500;5,0370;0,1373;3,6944;0,1664;0,6120;2,7873;0,4154;0,4376;0,6007;0,9340;2,3287;0,4894;1,1447;0,4870;0,0798;0,1809;0,2329;0,6957;0,9367;0,0498;2,6483;5,2975;0,3390;0,5779;5,4720;202;202/A/NBP/2020;
20201016;0,1251;3,8976;2,7608;0,5029;2,9497;2,5733;2,8689;4,5621;1,2504;4,2571;5,0407;0,1374;3,7041;0,1669;0,6130;2,7954;0,4158;0,4402;0,6017;0,9357;2,3325;0,4910;1,1528;0,4847;0,0801;0,1833;0,2351;0,6944;0,9393;0,0500;2,6514;5,3116;0,3402;0,5817;5,5048;203;203/A/NBP/2020;
20201019;0,1242;3,8761;2,7524;0,5002;2,9413;2,5710;2,8556;4,5498;1,2462;4,2448;5,0374;0,1366;3,6796;0,1667;0,6115;2,7879;0,4162;0,4395;0,6000;0,9329;2,3263;0,4911;1,1429;0,4885;0,0798;0,1838;0,2353;0,6865;0,9357;0,0498;2,6377;5,2831;0,3402;0,5792;5,4693;204;204/A/NBP/2020;
20201020;0,1245;3,8926;2,7398;0,5023;2,9517;2,5557;2,8682;4,5865;1,2553;4,2810;5,0451;0,1372;3,6887;0,1682;0,6163;2,8035;0,4180;0,4415;0,6047;0,9404;2,3450;0,4951;1,1501;0,4943;0,0802;0,1836;0,2358;0,6943;0,9381;0,0500;2,6562;5,2999;0,3418;0,5827;5,5055;205;205/A/NBP/2020;
20201021;0,1239;3,8706;2,7375;0,4994;2,9512;2,5583;2,8554;4,5869;1,2600;4,2802;5,0472;0,1369;3,6884;0,1686;0,6163;2,7969;0,4193;0,4423;0,6057;0,9410;2,3452;0,4938;1,1427;0,4925;0,0797;0,1835;0,2351;0,6905;0,9337;0,0502;2,6452;5,2560;0,3416;0,5814;5,4991;206;206/A/NBP/2020;
20201022;0,1239;3,8734;2,7510;0,4998;2,9474;2,5805;2,8552;4,5877;1,2579;4,2714;5,0766;0,1370;3,7002;0,1683;0,6165;2,7906;0,4198;0,4421;0,6054;0,9412;2,3456;0,4955;1,1461;0,4947;0,0797;0,1831;0,2376;0,6906;0,9345;0,0502;2,6422;5,2608;0,3414;0,5805;5,4973;207;207/A/NBP/2020;
20201023;0,1236;3,8665;2,7623;0,4989;2,9453;2,5877;2,8511;4,5772;1,2577;4,2732;5,0608;0,1367;3,6956;0,1685;0,6152;2,7825;0,4191;0,4413;0,6041;0,9387;2,3403;0,4849;1,1452;0,4965;0,0799;0,1849;0,2386;0,6913;0,9301;0,0507;2,6374;5,2518;0,3428;0,5795;5,4932;208;208/A/NBP/2020;
20201026;0,1239;3,8759;2,7661;0,5001;2,9408;2,5951;2,8497;4,5774;1,2539;4,2734;5,0579;0,1368;3,6959;0,1678;0,6151;2,7759;0,4176;0,4423;0,6040;0,9392;2,3404;0,4819;1,1465;0,4990;0,0800;0,1846;0,2385;0,6897;0,9306;0,0507;2,6456;5,2403;0,3428;0,5783;5,4809;209;209/A/NBP/2020;
20201027;0,1244;3,8860;2,7687;0,5015;2,9463;2,5983;2,8556;4,5890;1,2570;4,2742;5,0607;0,1370;3,7150;0,1677;0,6168;2,7762;0,4215;0,4442;0,6060;0,9414;2,3463;0,4760;1,1474;0,5013;0,0803;0,1854;0,2408;0,6910;0,9328;0,0507;2,6572;5,2653;0,3443;0,5780;5,5027;210;210/A/NBP/2020;
20201028;0,1260;3,9313;2,7937;0,5073;2,9687;2,6240;2,8856;4,6189;1,2584;4,3113;5,0998;0,1384;3,7724;0,1685;0,6207;2,7993;0,4232;0,4471;0,6098;0,9474;2,3616;0,4739;1,1592;0,5086;0,0813;0,1850;0,2405;0,6890;0,9463;0,0503;2,6882;5,3167;0,3464;0,5857;5,5341;211;211/A/NBP/2020;
20201029;0,1265;3,9505;2,7808;0,5099;2,9656;2,6219;2,8945;4,6330;1,2557;4,3329;5,1404;0,1389;3,7946;0,1691;0,6221;2,8079;0,4184;0,4457;0,6117;0,9502;2,3688;0,4751;1,1597;0,5107;0,0816;0,1846;0,2406;0,6875;0,9504;0,0498;2,7012;5,3149;0,3484;0,5890;5,5831;212;212/A/NBP/2020;
20201030;0,1270;3,9563;2,7862;0,5104;2,9706;2,6257;2,8997;4,6188;1,2560;4,3197;5,1269;0,1391;3,7887;0,1691;0,6202;2,7959;0,4150;0,4451;0,6100;0,9477;2,3615;0,4738;1,1582;0,5125;0,0817;0,1856;0,2429;0,6846;0,9522;0,0500;2,7052;5,3093;0,3489;0,5917;5,5722;213;213/A/NBP/2020;
20201102;0,1270;3,9557;2,7788;0,5102;2,9713;2,6166;2,8961;4,6048;1,2553;4,3124;5,1076;0,1384;3,7744;0,1693;0,6184;2,8130;0,4147;0,4452;0,6079;0,9466;2,3544;0,4730;1,1648;0,5115;0,0817;0,1861;0,2431;0,6888;0,9515;0,0492;2,7020;5,3124;0,3486;0,5913;5,5568;214;214/A/NBP/2020;
20201103;0,1258;3,9069;2,7836;0,5041;2,9730;2,6091;2,8708;4,5699;1,2586;4,2675;5,0760;0,1368;3,7314;0,1700;0,6137;2,7950;0,4152;0,4405;0,6044;0,9389;2,3365;0,4603;1,1469;0,5089;0,0807;0,1857;0,2438;0,6803;0,9401;0,0491;2,6787;5,2509;0,3453;0,5848;5,5289;215;215/A/NBP/2020;
20201104;0,1252;3,8996;2,7680;0,5030;2,9510;2,5901;2,8566;4,5532;1,2501;4,2595;5,0585;0,1368;3,7181;0,1692;0,6114;2,7780;0,4132;0,4391;0,6023;0,9355;2,3280;0,4584;1,1419;0,5135;0,0806;0,1814;0,2399;0,6775;0,9356;0,0493;2,6775;5,2156;0,3420;0,5800;5,4973;216;216/A/NBP/2020;
20201105;0,1242;3,8353;2,7657;0,4946;2,9214;2,5800;2,8318;4,5233;1,2565;4,2248;5,0042;0,1351;3,6790;0,1690;0,6075;2,7632;0,4154;0,4392;0,5990;0,9296;2,3127;0,4526;1,1334;0,5086;0,0794;0,1848;0,2423;0,6771;0,9240;0,0494;2,6671;5,1718;0,3408;0,5786;5,4545;217;217/A/NBP/2020;
20201106;0,1249;3,8194;2,7763;0,4926;2,9225;2,5916;2,8346;4,5277;1,2623;4,2368;5,0196;0,1359;3,6944;0,1698;0,6079;2,7659;0,4150;0,4397;0,5996;0,9302;2,3150;0,4489;1,1301;0,5051;0,0792;0,1841;0,2424;0,6912;0,9248;0,0492;2,6878;5,1498;0,3404;0,5768;5,4219;218;218/A/NBP/2020;
20201109;0,1236;3,7787;2,7468;0,4874;2,9015;2,5699;2,8139;4,4870;1,2534;4,1976;4,9602;0,1345;3,6431;0,1689;0,6022;2,7443;0,4130;0,4379;0,5935;0,9217;2,2941;0,4661;1,1218;0,5028;0,0784;0,1848;0,2427;0,7043;0,9193;0,0490;2,6871;5,0980;0,3388;0,5745;5,3841;219;219/A/NBP/2020;
20201110;0,1255;3,8168;2,7824;0,4923;2,9329;2,6075;2,8333;4,5063;1,2561;4,1669;5,0567;0,1358;3,6237;0,1702;0,6051;2,7765;0,4230;0,4417;0,5956;0,9260;2,3040;0,4662;1,1308;0,5038;0,0790;0,1880;0,2462;0,7086;0,9263;0,0500;2,7166;5,1459;0,3420;0,5778;5,4035;220;220/A/NBP/2020;
20201112;0,1256;3,7995;2,7636;0,4901;2,9074;2,6119;2,8171;4,4868;1,2648;4,1573;5,0087;0,1347;3,6049;0,1695;0,6027;2,7679;0,4176;0,4410;0,5927;0,9216;2,2940;0,4844;1,1249;0,5034;0,0783;0,1854;0,2436;0,7047;0,9199;0,0494;2,6814;5,0911;0,3414;0,5739;5,4078;221;221/A/NBP/2020;
20201113;0,1260;3,8015;2,7565;0,4903;2,8961;2,5958;2,8192;4,4960;1,2652;4,1605;5,0072;0,1353;3,6195;0,1698;0,6038;2,7770;0,4154;0,4390;0,5937;0,9231;2,2987;0,4996;1,1300;0,4995;0,0789;0,1851;0,2434;0,6965;0,9218;0,0492;2,6828;5,0987;0,3422;0,5751;5,4111;222;222/A/NBP/2020;
20201116;0,1249;3,7782;2,7539;0,4873;2,8805;2,5973;2,8070;4,4753;1,2499;4,1463;4,9761;0,1344;3,6139;0,1697;0,6010;2,7745;0,4145;0,4362;0,5915;0,9187;2,2882;0,4889;1,1247;0,4925;0,0784;0,1864;0,2449;0,6923;0,9178;0,0491;2,6777;5,0709;0,3411;0,5742;5,3780;223;223/A/NBP/2020;
20201117;0,1256;3,7877;2,7758;0,4886;2,8965;2,6126;2,8198;4,4953;1,2440;4,1594;5,0092;0,1348;3,6317;0,1698;0,6036;2,7869;0,4188;0,4401;0,5941;0,9222;2,2984;0,4865;1,1295;0,4941;0,0785;0,1861;0,2456;0,6993;0,9228;0,0495;2,6949;5,0886;0,3427;0,5780;5,4017;224;224/A/NBP/2020;
20201118;0,1241;3,7621;2,7554;0,4853;2,8783;2,6057;2,8071;4,4729;1,2383;4,1356;5,0013;0,1337;3,6230;0,1693;0,6005;2,7662;0,4170;0,4380;0,5912;0,9178;2,2869;0,4874;1,1229;0,4929;0,0780;0,1862;0,2455;0,7060;0,9205;0,0497;2,6738;5,0719;0,3411;0,5742;5,3657;225;225/A/NBP/2020;
20201119;0,1246;3,7872;2,7519;0,4885;2,8879;2,6077;2,8126;4,4799;1,2397;4,1448;5,0027;0,1341;3,6392;0,1697;0,6013;2,7739;0,4177;0,4380;0,5921;0,9192;2,2905;0,4930;1,1285;0,4994;0,0784;0,1856;0,2432;0,7060;0,9239;0,0495;2,6752;5,0983;0,3391;0,5748;5,3814;226;226/A/NBP/2020;
20201120;0,1242;3,7677;2,7452;0,4860;2,8845;2,6109;2,8040;4,4679;1,2444;4,1356;5,0016;0,1328;3,6295;0,1697;0,5998;2,7699;0,4181;0,4370;0,5906;0,9166;2,2844;0,4966;1,1268;0,4963;0,0781;0,1869;0,2446;0,7101;0,9207;0,0494;2,6599;5,0821;0,3372;0,5733;5,3745;227;227/A/NBP/2020;
20201123;0,1242;3,7616;2,7574;0,4852;2,8821;2,6156;2,8048;4,4680;1,2398;4,1307;5,0273;0,1325;3,6243;0,1695;0,6000;2,7734;0,4186;0,4376;0,5914;0,9168;2,2844;0,4855;1,1275;0,4923;0,0780;0,1880;0,2457;0,6991;0,9196;0,0496;2,6585;5,0781;0,3382;0,5729;5,3690;228;228/A/NBP/2020;
20201124;0,1240;3,7625;2,7689;0,4853;2,8878;2,6321;2,8038;4,4714;1,2388;4,1297;5,0283;0,1326;3,6105;0,1703;0,6006;2,7790;0,4187;0,4386;0,5911;0,9172;2,2862;0,4739;1,1274;0,4862;0,0781;0,1878;0,2454;0,6915;0,9205;0,0496;2,6581;5,0855;0,3392;0,5722;5,3639;229;229/A/NBP/2020;
20201125;0,1238;3,7556;2,7605;0,4845;2,8880;2,6214;2,7969;4,4710;1,2387;4,1171;5,0101;0,1323;3,5991;0,1705;0,6008;2,7787;0,4234;0,4405;0,5913;0,9174;2,2860;0,4720;1,1291;0,4853;0,0780;0,1876;0,2471;0,6988;0,9191;0,0498;2,6560;5,0830;0,3393;0,5709;5,3680;230;230/A/NBP/2020;
20201126;0,1241;3,7586;2,7664;0,4849;2,8893;2,6299;2,8080;4,4742;1,2388;4,1353;5,0221;0,1321;3,6050;0,1710;0,6012;2,7807;0,4229;0,4399;0,5921;0,9180;2,2876;0,4771;1,1319;0,4914;0,0781;0,1876;0,2475;0,7059;0,9241;0,0497;2,6657;5,0861;0,3395;0,5716;5,3633;231;231/A/NBP/2020;
20201127;0,1241;3,7614;2,7743;0,4853;2,8938;2,6403;2,8104;4,4843;1,2414;4,1477;5,0239;0,1321;3,6149;0,1714;0,6025;2,8062;0,4244;0,4412;0,5936;0,9201;2,2928;0,4830;1,1332;0,4908;0,0781;0,1882;0,2480;0,7048;0,9244;0,0496;2,6695;5,0802;0,3404;0,5717;5,3754;232;232/A/NBP/2020;
20201130;0,1235;3,7364;2,7595;0,4821;2,8800;2,6301;2,7946;4,4779;1,2432;4,1364;4,9793;0,1311;3,5914;0,1710;0,6017;2,8128;0,4238;0,4411;0,5928;0,9189;2,2895;0,4807;1,1293;0,4861;0,0776;0,1862;0,2448;0,6992;0,9171;0,0491;2,6462;5,0563;0,3377;0,5683;5,3677;233;233/A/NBP/2020;
20201201;0,1235;3,7367;2,7477;0,4820;2,8801;2,6281;2,7866;4,4769;1,2526;4,1226;4,9904;0,1308;3,5832;0,1706;0,6015;2,8192;0,4220;0,4386;0,5926;0,9188;2,2890;0,4762;1,1316;0,4895;0,0777;0,1859;0,2432;0,7008;0,9163;0,0491;2,6445;5,0733;0,3374;0,5687;5,3442;234;234/A/NBP/2020;
20201202;0,1224;3,7038;2,7340;0,4778;2,8649;2,6181;2,7629;4,4642;1,2510;4,1112;4,9426;0,1303;3,5377;0,1695;0,5996;2,8362;0,4194;0,4355;0,5910;0,9163;2,2825;0,4728;1,1269;0,4873;0,0771;0,1844;0,2412;0,7114;0,9085;0,0490;2,6222;5,0196;0,3358;0,5642;5,3303;235;235/A/NBP/2020;
20201203;0,1225;3,6981;2,7440;0,4771;2,8593;2,6108;2,7648;4,4789;1,2477;4,1362;4,9562;0,1306;3,5464;0,1692;0,6017;2,9065;0,4187;0,4354;0,5934;0,9190;2,2900;0,4720;1,1275;0,4892;0,0770;0,1851;0,2414;0,7087;0,9077;0,0493;2,6153;5,0016;0,3384;0,5639;5,3157;236;236/A/NBP/2020;
20201204;0,1219;3,6765;2,7305;0,4743;2,8596;2,5928;2,7600;4,4732;1,2474;4,1241;4,9565;0,1300;3,5367;0,1689;0,6009;2,9294;0,4198;0,4356;0,5928;0,9179;2,2871;0,4734;1,1257;0,4898;0,0765;0,1851;0,2420;0,7136;0,9055;0,0495;2,6065;4,9835;0,3392;0,5630;5,2891;237;237/A/NBP/2020;
20201207;0,1224;3,7001;2,7326;0,4774;2,8863;2,5952;2,7643;4,4745;1,2429;4,1417;4,9089;0,1311;3,5478;0,1685;0,6011;2,9418;0,4170;0,4357;0,5934;0,9181;2,2878;0,4728;1,1302;0,4974;0,0769;0,1857;0,2426;0,7176;0,9087;0,0497;2,6232;5,0078;0,3405;0,5658;5,2966;238;238/A/NBP/2020;
20201208;0,1229;3,6914;2,7432;0,4762;2,8892;2,6021;2,7648;4,4767;1,2405;4,1503;4,9270;0,1315;3,5490;0,1692;0,6014;2,9317;0,4227;0,4392;0,5938;0,9186;2,2889;0,4728;1,1346;0,4953;0,0767;0,1863;0,2448;0,7239;0,9065;0,0503;2,6161;5,0196;0,3402;0,5653;5,2960;239;239/A/NBP/2020;
20201209;0,1221;3,6657;2,7401;0,4729;2,8694;2,5965;2,7450;4,4449;1,2420;4,1273;4,9289;0,1308;3,5217;0,1692;0,5972;2,9033;0,4208;0,4334;0,5894;0,9130;2,2726;0,4680;1,1262;0,4921;0,0763;0,1860;0,2455;0,7159;0,9020;0,0500;2,5980;4,9828;0,3379;0,5607;5,2676;240;240/A/NBP/2020;
20201210;0,1216;3,6574;2,7381;0,4719;2,8584;2,5764;2,7343;4,4276;1,2451;4,1139;4,8708;0,1303;3,5013;0,1682;0,5949;2,8769;0,4148;0,4316;0,5868;0,9091;2,2638;0,4664;1,1252;0,4921;0,0761;0,1841;0,2434;0,7073;0,9006;0,0498;2,5930;4,9648;0,3360;0,5590;5,2544;241;241/A/NBP/2020;
20201211;0,1218;3,6630;2,7578;0,4726;2,8688;2,5951;2,7407;4,4385;1,2522;4,1286;4,8418;0,1308;3,5209;0,1686;0,5963;2,8672;0,4148;0,4325;0,5886;0,9112;2,2693;0,4604;1,1257;0,4985;0,0762;0,1821;0,2424;0,7288;0,9041;0,0500;2,6016;4,9723;0,3354;0,5597;5,2518;242;242/A/NBP/2020;
20201214;0,1215;3,6548;2,7624;0,4715;2,8656;2,5995;2,7426;4,4432;1,2563;4,1273;4,9004;0,1312;3,5224;0,1687;0,5970;2,8703;0,4192;0,4336;0,5900;0,9119;2,2717;0,4629;1,1241;0,4977;0,0761;0,1823;0,2435;0,7214;0,9011;0,0501;2,5930;4,9695;0,3348;0,5585;5,2557;243;243/A/NBP/2020;
20201215;0,1216;3,6554;2,7515;0,4715;2,8667;2,5834;2,7391;4,4441;1,2536;4,1254;4,8684;0,1317;3,5127;0,1685;0,5971;2,8672;0,4182;0,4352;0,5907;0,9128;2,2722;0,4673;1,1221;0,4971;0,0761;0,1813;0,2445;0,7140;0,9015;0,0498;2,5886;4,9644;0,3340;0,5584;5,2568;244;244/A/NBP/2020;
20201216;0,1211;3,6334;2,7535;0,4687;2,8559;2,5855;2,7344;4,4347;1,2480;4,1144;4,9108;0,1309;3,5175;0,1693;0,5959;2,8611;0,4196;0,4360;0,5884;0,9108;2,2674;0,4666;1,1191;0,4936;0,0756;0,1832;0,2449;0,7149;0,8968;0,0496;2,5723;4,9368;0,3328;0,5564;5,2529;245;245/A/NBP/2020;
20201217;0,1214;3,6254;2,7675;0,4677;2,8536;2,5955;2,7350;4,4348;1,2477;4,1084;4,9251;0,1304;3,5173;0,1696;0,5960;2,8575;0,4224;0,4361;0,5888;0,9107;2,2675;0,4682;1,1166;0,4938;0,0755;0,1830;0,2455;0,7131;0,8986;0,0498;2,5703;4,9284;0,3316;0,5550;5,2462;246;246/A/NBP/2020;
20201218;0,1218;3,6322;2,7587;0,4685;2,8466;2,5837;2,7342;4,4493;1,2443;4,1043;4,9012;0,1304;3,5075;0,1700;0,5980;2,8448;0,4227;0,4395;0,5906;0,9139;2,2749;0,4720;1,1209;0,5032;0,0755;0,1825;0,2483;0,7181;0,8992;0,0494;2,5742;4,9360;0,3304;0,5553;5,2483;247;247/A/NBP/2020;
20201221;0,1233;3,7082;2,7802;0,4782;2,8722;2,6041;2,7722;4,5149;1,2504;4,1729;4,9024;0,1320;3,5747;0,1718;0,6069;2,8831;0,4224;0,4432;0,5990;0,9272;2,3084;0,4856;1,1402;0,5113;0,0770;0,1816;0,2494;0,7267;0,9154;0,0494;2,6243;5,0235;0,3345;0,5661;5,3180;248;248/A/NBP/2020;
20201222;0,1222;3,6921;2,7801;0,4762;2,8653;2,6001;2,7630;4,5069;1,2465;4,1625;4,9515;0,1308;3,5707;0,1714;0,6057;2,8872;0,4243;0,4459;0,5976;0,9264;2,3043;0,4842;1,1411;0,5089;0,0768;0,1835;0,2526;0,7207;0,9092;0,0489;2,5991;4,9988;0,3334;0,5639;5,3205;249;249/A/NBP/2020;
20201223;0,1222;3,6919;2,7929;0,4762;2,8675;2,6143;2,7696;4,5019;1,2426;4,1517;4,9542;0,1297;3,5688;0,1712;0,6052;2,8877;0,4243;0,4452;0,5968;0,9242;2,3018;0,4839;1,1435;0,5108;0,0768;0,1840;0,2528;0,7155;0,9087;0,0490;2,5999;5,0049;0,3334;0,5648;5,3042;250;250/A/NBP/2020;
20201224;0,1232;3,6981;2,8084;0,4770;2,8803;2,6281;2,7828;4,5084;1,2443;4,1604;5,0286;0,1305;3,5675;0,1711;0,6061;2,8919;0,4282;0,4469;0,5976;0,9251;2,3051;0,4833;1,1492;0,5179;0,0769;0,1848;0,2529;0,7089;0,9108;0,0495;2,6043;5,0283;0,3354;0,5662;5,3373;251;251/A/NBP/2020;
20201228;0,1214;3,6639;2,7888;0,4726;2,8588;2,6130;2,7597;4,4879;1,2347;4,1223;4,9656;0,1292;3,5412;0,1711;0,6035;2,8787;0,4252;0,4445;0,5950;0,9209;2,2947;0,4918;1,1401;0,5126;0,0763;0,1846;0,2515;0,7023;0,9046;0,0497;2,5884;4,9857;0,3345;0,5605;5,3130;252;252/A/NBP/2020;
20201229;0,1224;3,6778;2,7946;0,4744;2,8698;2,6230;2,7697;4,5051;1,2386;4,1531;4,9550;0,1301;3,5462;0,1715;0,6057;2,8823;0,4268;0,4470;0,5973;0,9242;2,3034;0,4980;1,1449;0,5165;0,0766;0,1845;0,2505;0,7009;0,9082;0,0500;2,6028;5,0071;0,3364;0,5633;5,3268;253;253/A/NBP/2020;