data;1THB;1USD;1AUD;1HKD;1CAD;1NZD;1SGD;1EUR;100HUF;1CHF;1GBP;1UAH;100JPY;1CZK;1DKK;100ISK;1NOK;1SEK;1HRK;1RON;1BGN;1TRY;1ILS;100CLP;1PHP;1MXN;1ZAR;1BRL;1MYR;1RUB;10000IDR;100INR;100KRW;1CNY;1XDR;nr tabeli;pe≈Çny numer tabeli
20210104;0.1238;3.6998;2.8611;0.4773;2.9192;2.6713;2.8098;4.5485;1.2605;4.2055;5.0589;0.1300;3.6011;0.1739;0.6115;2.9138;0.4356;0.4527;0.6020;0.9342;2.3256;0.5041;1.1535;0.5207;0.0771;0.1873;0.2550;0.7123;0.9234;0.0506;2.6627;5.0663;0.3419;0.5727;5.3847;1;001/A/NBP/2021
20210105;0.1237;3.7031;2.8569;0.4777;2.9073;2.6710;2.8076;4.5446;1.2577;4.2078;5.0261;0.1304;3.6013;0.1735;0.6109;2.9113;0.4340;0.4510;0.6012;0.9329;2.3236;0.5010;1.1545;0.5258;0.0770;0.1857;0.2491;0.6991;0.9219;0.0495;2.6612;5.0608;0.3401;0.5731;5.3547;2;002/A/NBP/2021
20210107;0.1222;3.6656;2.8420;0.4728;2.8849;2.6601;2.7718;4.4973;1.2605;4.1505;4.9832;0.1297;3.5392;0.1718;0.6046;2.8810;0.4344;0.4466;0.5949;0.9234;2.2994;0.5057;1.1502;0.5263;0.0761;0.1858;0.2415;0.6897;0.9078;0.0495;2.6352;4.9989;0.3352;0.5669;5.2878;3;003/A/NBP/2021
20210108;0.1228;3.6919;2.8727;0.4763;2.9123;2.6821;2.7874;4.5189;1.2564;4.1674;5.0216;0.1306;3.5565;0.1725;0.6076;2.9098;0.4374;0.4493;0.5973;0.9277;2.3105;0.5011;1.1585;0.5181;0.0768;0.1851;0.2415;0.6825;0.9158;0.0496;2.6337;5.0420;0.3384;0.5711;5.3201;4;004/A/NBP/2021
20210111;0.1237;3.7271;2.8741;0.4807;2.9193;2.6782;2.8025;4.5325;1.2569;4.1896;5.0288;0.1321;3.5797;0.1728;0.6094;2.8925;0.4376;0.4502;0.5985;0.9305;2.3174;0.5014;1.1678;0.5234;0.0775;0.1845;0.2409;0.6879;0.9202;0.0500;2.6379;5.0776;0.3394;0.5755;5.3471;5;005/A/NBP/2021
20210112;0.1235;3.7188;2.8776;0.4796;2.9190;2.6736;2.8005;4.5228;1.2542;4.1787;5.0588;0.1326;3.5703;0.1725;0.6081;2.8992;0.4375;0.4490;0.5968;0.9284;2.3124;0.4987;1.1773;0.5169;0.0774;0.1863;0.2409;0.6775;0.9165;0.0502;2.6318;5.0775;0.3388;0.5757;5.3555;6;006/A/NBP/2021
20210113;0.1236;3.7142;2.8793;0.4790;2.9174;2.6741;2.8034;4.5272;1.2597;4.1855;5.0845;0.1328;3.5766;0.1729;0.6086;2.9021;0.4394;0.4485;0.5974;0.9288;2.3147;0.5008;1.1841;0.5123;0.0773;0.1871;0.2431;0.6978;0.9185;0.0503;2.6415;5.0765;0.3387;0.5743;5.3641;7;007/A/NBP/2021
20210114;0.1244;3.7323;2.8994;0.4814;2.9459;2.6875;2.8167;4.5407;1.2628;4.2065;5.0953;0.1330;3.5895;0.1735;0.6104;2.9033;0.4413;0.4490;0.5990;0.9317;2.3216;0.5070;1.1977;0.5059;0.0777;0.1888;0.2467;0.7043;0.9239;0.0509;2.6555;5.1091;0.3407;0.5772;5.3826;8;008/A/NBP/2021
20210115;0.1247;3.7466;2.9013;0.4832;2.9522;2.6936;2.8219;4.5480;1.2659;4.2219;5.1104;0.1336;3.6143;0.1740;0.6114;2.9079;0.4407;0.4492;0.6021;0.9331;2.3253;0.5064;1.1564;0.5157;0.0780;0.1896;0.2473;0.7209;0.9282;0.0511;2.6723;5.1277;0.3408;0.5788;5.4082;9;009/A/NBP/2021
20210118;0.1251;3.7699;2.8896;0.4863;2.9471;2.6778;2.8282;4.5473;1.2610;4.2291;5.1002;0.1338;3.6314;0.1735;0.6113;2.9038;0.4362;0.4474;0.6023;0.9330;2.3250;0.5037;1.1643;0.5131;0.0784;0.1889;0.2453;0.7123;0.9304;0.0507;2.6794;5.1434;0.3406;0.5803;5.4029;10;010/A/NBP/2021
20210119;0.1245;3.7416;2.8837;0.4826;2.9382;2.6640;2.8142;4.5342;1.2620;4.2130;5.0897;0.1330;3.5971;0.1734;0.6095;2.8917;0.4370;0.4483;0.5996;0.9302;2.3183;0.5043;1.1567;0.5097;0.0779;0.1902;0.2497;0.7065;0.9238;0.0507;2.6602;5.1133;0.3394;0.5772;5.3873;11;011/A/NBP/2021
20210120;0.1244;3.7303;2.8844;0.4812;2.9381;2.6626;2.8134;4.5237;1.2663;4.1974;5.1069;0.1321;3.5939;0.1730;0.6082;2.8777;0.4381;0.4462;0.5981;0.9280;2.3129;0.5012;1.1490;0.5060;0.0776;0.1900;0.2501;0.6962;0.9222;0.0508;2.6588;5.1081;0.3384;0.5767;5.3690;12;012/A/NBP/2021
20210121;0.1247;3.7312;2.9007;0.4814;2.9577;2.6926;2.8205;4.5310;1.2684;4.2053;5.1244;0.1320;3.6079;0.1735;0.6090;2.8897;0.4423;0.4487;0.5990;0.9294;2.3166;0.5049;1.1393;0.5167;0.0776;0.1908;0.2515;0.7051;0.9259;0.0507;2.6652;5.1108;0.3394;0.5773;5.3931;13;013/A/NBP/2021
20210122;0.1242;3.7255;2.8775;0.4806;2.9339;2.6769;2.8077;4.5354;1.2711;4.2102;5.0920;0.1324;3.5940;0.1737;0.6096;2.8925;0.4391;0.4495;0.5997;0.9302;2.3189;0.5044;1.1381;0.5193;0.0775;0.1877;0.2473;0.6962;0.9214;0.0499;2.6543;5.1048;0.3368;0.5752;5.3812;14;014/A/NBP/2021
20210125;0.1247;3.7402;2.8886;0.4825;2.9417;2.6950;2.8180;4.5436;1.2715;4.2160;5.1141;0.1327;3.6035;0.1740;0.6107;2.8940;0.4407;0.4515;0.6005;0.9320;2.3231;0.5046;1.1415;0.5140;0.0778;0.1873;0.2456;0.6842;0.9248;0.0496;2.6678;5.1256;0.3391;0.5772;5.3906;15;015/A/NBP/2021
20210126;0.1251;3.7512;2.8866;0.4839;2.9425;2.7002;2.8254;4.5497;1.2700;4.2183;5.1235;0.1332;3.6139;0.1741;0.6115;2.8979;0.4381;0.4513;0.6014;0.9332;2.3262;0.5076;1.1469;0.5118;0.0780;0.1861;0.2454;0.6862;0.9266;0.0497;2.6671;5.1368;0.3393;0.5797;5.3979;16;016/A/NBP/2021
20210127;0.1251;3.7507;2.8974;0.4839;2.9469;2.7089;2.8283;4.5468;1.2638;4.2215;5.1516;0.1331;3.6136;0.1747;0.6112;2.8961;0.4377;0.4502;0.6015;0.9326;2.3247;0.5096;1.1496;0.5116;0.0780;0.1872;0.2484;0.7003;0.9271;0.0499;2.6695;5.1437;0.3392;0.5800;5.3962;17;017/A/NBP/2021
20210128;0.1251;3.7566;2.8571;0.4846;2.9196;2.6719;2.8192;4.5479;1.2620;4.2218;5.1270;0.1332;3.6010;0.1740;0.6115;2.9004;0.4320;0.4482;0.6014;0.9328;2.3253;0.5095;1.1402;0.5085;0.0781;0.1846;0.2461;0.6938;0.9285;0.0493;2.6696;5.1415;0.3359;0.5803;5.4081;18;018/A/NBP/2021
20210129;0.1252;3.7460;2.8639;0.4833;2.9146;2.6840;2.8159;4.5385;1.2660;4.2115;5.1190;0.1332;3.5719;0.1743;0.6103;2.9074;0.4374;0.4481;0.5997;0.9308;2.3205;0.5118;1.1385;0.5090;0.0779;0.1851;0.2475;0.6884;0.9265;0.0491;2.6697;5.1349;0.3354;0.5810;5.4002;19;019/A/NBP/2021
20210201;0.1245;3.7323;2.8511;0.4814;2.9179;2.6796;2.8046;4.5137;1.2658;4.1710;5.1240;0.1330;3.5589;0.1736;0.6069;2.8878;0.4344;0.4447;0.5959;0.9258;2.3078;0.5183;1.1368;0.5079;0.0776;0.1834;0.2475;0.6832;0.9233;0.0494;2.6622;5.1106;0.3336;0.5775;5.3587;20;020/A/NBP/2021
20210202;0.1245;3.7311;2.8426;0.4814;2.9166;2.6789;2.8034;4.5025;1.2675;4.1634;5.1069;0.1330;3.5562;0.1735;0.6054;2.8918;0.4352;0.4431;0.5938;0.9237;2.3021;0.5225;1.1305;0.5085;0.0780;0.1843;0.2494;0.6868;0.9225;0.0492;2.6603;5.1121;0.3345;0.5784;5.3591;21;021/A/NBP/2021
20210203;0.1243;3.7352;2.8448;0.4819;2.9193;2.6873;2.8010;4.4906;1.2616;4.1555;5.0937;0.1335;3.5547;0.1731;0.6037;2.8767;0.4331;0.4432;0.5929;0.9220;2.2960;0.5214;1.1314;0.5098;0.0778;0.1855;0.2494;0.6958;0.9220;0.0491;2.6670;5.1184;0.3348;0.5783;5.3537;22;022/A/NBP/2021
20210204;0.1248;3.7509;2.8618;0.4838;2.9297;2.7003;2.8087;4.4958;1.2636;4.1572;5.0955;0.1346;3.5644;0.1734;0.6046;2.8801;0.4347;0.4439;0.5940;0.9223;2.2986;0.5246;1.1344;0.5120;0.0780;0.1855;0.2503;0.7006;0.9242;0.0497;2.6754;5.1398;0.3353;0.5804;5.3685;23;023/A/NBP/2021
20210205;0.1248;3.7554;2.8605;0.4844;2.9350;2.6893;2.8080;4.4978;1.2618;4.1590;5.1412;0.1353;3.5608;0.1740;0.6049;2.8888;0.4369;0.4449;0.5950;0.9226;2.2997;0.5298;1.1421;0.5105;0.0781;0.1850;0.2512;0.6920;0.9226;0.0501;2.6767;5.1498;0.3346;0.5804;5.3739;24;024/A/NBP/2021
20210208;0.1242;3.7301;2.8593;0.4812;2.9206;2.6838;2.7933;4.4867;1.2528;4.1396;5.1130;0.1349;3.5319;0.1739;0.6034;2.8965;0.4372;0.4442;0.5936;0.9203;2.2940;0.5273;1.1356;0.5047;0.0776;0.1852;0.2502;0.6945;0.9175;0.0501;2.6643;5.1128;0.3327;0.5778;5.3664;25;025/A/NBP/2021
20210209;0.1235;3.6972;2.8593;0.4769;2.9073;2.6795;2.7861;4.4773;1.2479;4.1378;5.0954;0.1337;3.5357;0.1740;0.6021;2.9017;0.4367;0.4425;0.5922;0.9182;2.2892;0.5227;1.1362;0.5027;0.0770;0.1846;0.2503;0.6890;0.9133;0.0500;2.6418;5.0734;0.3324;0.5746;5.3457;26;026/A/NBP/2021
20210210;0.1236;3.6973;2.8550;0.4770;2.9090;2.6651;2.7862;4.4809;1.2513;4.1469;5.1152;0.1331;3.5280;0.1732;0.6025;2.8909;0.4380;0.4451;0.5924;0.9192;2.2910;0.5240;1.1343;0.5033;0.0769;0.1836;0.2511;0.6874;0.9143;0.0501;2.6442;5.0743;0.3340;0.5736;5.3349;27;027/A/NBP/2021
20210211;0.1243;3.7117;2.8746;0.4787;2.9270;2.6823;2.8018;4.5023;1.2619;4.1698;5.1346;0.1333;3.5462;0.1745;0.6053;2.8972;0.4382;0.4462;0.5952;0.9237;2.3020;0.5260;1.1391;0.5119;0.0772;0.1856;0.2530;0.6891;0.9182;0.0503;2.6564;5.0945;0.3360;0.5747;5.3542;28;028/A/NBP/2021
20210212;0.1243;3.7186;2.8729;0.4798;2.9178;2.6727;2.8021;4.5029;1.2531;4.1676;5.1274;0.1335;3.5406;0.1748;0.6054;2.8939;0.4374;0.4466;0.5947;0.9236;2.3023;0.5300;1.1446;0.5120;0.0774;0.1854;0.2535;0.6929;0.9199;0.0501;2.6614;5.1105;0.3360;0.5744;5.3470;29;029/A/NBP/2021
20210215;0.1236;3.6949;2.8726;0.4766;2.9170;2.6739;2.7935;4.4836;1.2485;4.1486;5.1353;0.1321;3.5061;0.1742;0.6029;2.8815;0.4389;0.4463;0.5922;0.9198;2.2924;0.5304;1.1373;0.5119;0.0770;0.1855;0.2560;0.6881;0.9158;0.0504;2.6555;5.0840;0.3353;0.5719;5.3351;30;030/A/NBP/2021
20210216;0.1237;3.6940;2.8774;0.4765;2.9219;2.6822;2.7912;4.4891;1.2552;4.1568;5.1451;0.1328;3.5072;0.1747;0.6036;2.8850;0.4415;0.4473;0.5927;0.9208;2.2952;0.5345;1.1400;0.5135;0.0767;0.1849;0.2559;0.6879;0.9166;0.0504;2.6527;5.0810;0.3353;0.5726;5.3416;31;031/A/NBP/2021
20210217;0.1244;3.7287;2.8918;0.4810;2.9348;2.6819;2.8075;4.4998;1.2532;4.1667;5.1769;0.1337;3.5189;0.1741;0.6051;2.8882;0.4403;0.4481;0.5943;0.9228;2.3007;0.5319;1.1444;0.5189;0.0771;0.1841;0.2535;0.6943;0.9231;0.0506;2.6596;5.1236;0.3370;0.5740;5.3517;32;032/A/NBP/2021
20210218;0.1238;3.7152;2.8902;0.4792;2.9289;2.6810;2.7991;4.4857;1.2504;4.1436;5.1732;0.1334;3.5145;0.1735;0.6032;2.8791;0.4382;0.4469;0.5922;0.9201;2.2935;0.5331;1.1382;0.5209;0.0766;0.1844;0.2552;0.6866;0.9191;0.0504;2.6490;5.1139;0.3358;0.5745;5.3496;33;033/A/NBP/2021
20210219;0.1233;3.6997;2.8965;0.4772;2.9237;2.6850;2.7939;4.4892;1.2513;4.1377;5.1755;0.1329;3.5108;0.1737;0.6037;2.8814;0.4383;0.4469;0.5924;0.9208;2.2953;0.5303;1.1313;0.5204;0.0764;0.1824;0.2535;0.6817;0.9156;0.0501;2.6304;5.1019;0.3352;0.5733;5.3476;34;034/A/NBP/2021
20210222;0.1236;3.7135;2.9239;0.4790;2.9390;2.7125;2.8062;4.4963;1.2516;4.1288;5.2037;0.1330;3.5151;0.1733;0.6046;2.8897;0.4358;0.4481;0.5933;0.9222;2.2989;0.5305;1.1337;0.5240;0.0763;0.1795;0.2502;0.6899;0.9186;0.0497;2.6309;5.1217;0.3337;0.5744;5.3446;35;035/A/NBP/2021
20210223;0.1236;3.7117;2.9318;0.4787;2.9420;2.7159;2.8093;4.5093;1.2540;4.1258;5.2294;0.1332;3.5256;0.1741;0.6063;2.9017;0.4369;0.4470;0.5955;0.9245;2.3055;0.5292;1.1378;0.5250;0.0762;0.1792;0.2523;0.6790;0.9179;0.0500;2.6338;5.1204;0.3336;0.5745;5.3611;36;036/A/NBP/2021
20210224;0.1236;3.7145;2.9411;0.4790;2.9553;2.7427;2.8144;4.5176;1.2575;4.0959;5.2607;0.1329;3.5115;0.1741;0.6075;2.9183;0.4402;0.4480;0.5958;0.9265;2.3098;0.5200;1.1366;0.5271;0.0764;0.1821;0.2551;0.6826;0.9188;0.0505;2.6371;5.1336;0.3353;0.5762;5.3721;37;037/A/NBP/2021
20210225;0.1226;3.6943;2.9560;0.4765;2.9599;2.7557;2.8058;4.5143;1.2533;4.0770;5.2367;0.1324;3.4835;0.1729;0.6071;2.9486;0.4433;0.4492;0.5958;0.9265;2.3081;0.5139;1.1313;0.5271;0.0760;0.1797;0.2518;0.6833;0.9145;0.0502;2.6232;5.1012;0.3335;0.5728;5.3696;38;038/A/NBP/2021
20210226;0.1228;3.7247;2.9092;0.4803;2.9521;2.7274;2.8045;4.5175;1.2513;4.1205;5.1946;0.1333;3.4987;0.1727;0.6075;2.9545;0.4367;0.4469;0.5960;0.9267;2.3097;0.5073;1.1279;0.5202;0.0766;0.1779;0.2494;0.6734;0.9202;0.0499;2.6120;5.0608;0.3309;0.5763;5.3458;39;039/A/NBP/2021
20210301;0.1243;3.7572;2.9049;0.4843;2.9589;2.7189;2.8208;4.5231;1.2467;4.1211;5.2396;0.1341;3.5195;0.1731;0.6083;2.9390;0.4344;0.4442;0.5972;0.9275;2.3126;0.5137;1.1415;0.5190;0.0772;0.1804;0.2492;0.6711;0.9261;0.0507;2.6357;5.1048;0.3349;0.5811;5.3708;40;040/A/NBP/2021
20210302;0.1247;3.7765;2.9284;0.4869;2.9803;2.7312;2.8332;4.5345;1.2463;4.1120;5.2367;0.1351;3.5332;0.1734;0.6098;2.9813;0.4412;0.4470;0.5984;0.9300;2.3184;0.5145;1.1425;0.5224;0.0780;0.1820;0.2504;0.6693;0.9305;0.0506;2.6363;5.1487;0.3361;0.5836;5.4051;41;041/A/NBP/2021
20210303;0.1238;3.7509;2.9374;0.4836;2.9771;2.7381;2.8207;4.5393;1.2487;4.0981;5.2450;0.1349;3.5092;0.1737;0.6104;2.9805;0.4442;0.4484;0.5987;0.9309;2.3209;0.5095;1.1394;0.5145;0.0773;0.1821;0.2520;0.6608;0.9260;0.0509;2.6332;5.1551;0.3346;0.5803;5.4187;42;042/A/NBP/2021
20210304;0.1247;3.7851;2.9444;0.4879;2.9906;2.7430;2.8391;4.5540;1.2492;4.1003;5.2717;0.1364;3.5260;0.1738;0.6124;2.9823;0.4440;0.4479;0.6006;0.9337;2.3284;0.5073;1.1430;0.5202;0.0780;0.1813;0.2506;0.6735;0.9328;0.0512;2.6533;5.1963;0.3363;0.5850;5.4326;43;043/A/NBP/2021
20210305;0.1259;3.8393;2.9469;0.4946;3.0231;2.7412;2.8628;4.5793;1.2498;4.1313;5.3056;0.1385;3.5400;0.1739;0.6158;2.9950;0.4468;0.4499;0.6046;0.9377;2.3413;0.5095;1.1586;0.5244;0.0789;0.1809;0.2505;0.6771;0.9423;0.0514;2.6847;5.2566;0.3398;0.5922;5.4636;44;044/A/NBP/2021
20210308;0.1255;3.8665;2.9566;0.4976;3.0477;2.7499;2.8671;4.5903;1.2483;4.1416;5.3478;0.1392;3.5614;0.1738;0.6173;3.0022;0.4504;0.4508;0.6058;0.9398;2.3470;0.5054;1.1583;0.5272;0.0794;0.1792;0.2488;0.6794;0.9413;0.0518;2.6924;5.2780;0.3412;0.5923;5.4941;45;045/A/NBP/2021
20210309;0.1251;3.8507;2.9669;0.4960;3.0533;2.7598;2.8624;4.5844;1.2514;4.1266;5.3506;0.1389;3.5432;0.1746;0.6165;3.0220;0.4546;0.4517;0.6048;0.9384;2.3439;0.5059;1.1592;0.5228;0.0793;0.1811;0.2510;0.6553;0.9352;0.0520;2.6741;5.2800;0.3384;0.5910;5.5071;46;046/A/NBP/2021
20210310;0.1250;3.8420;2.9623;0.4950;3.0374;2.7540;2.8537;4.5718;1.2464;4.1334;5.3434;0.1386;3.5353;0.1744;0.6148;3.0058;0.4538;0.4511;0.6027;0.9357;2.3375;0.5062;1.1567;0.5224;0.0791;0.1816;0.2523;0.6621;0.9310;0.0520;2.6670;5.2695;0.3367;0.5904;5.4870;47;047/A/NBP/2021
20210311;0.1253;3.8287;2.9773;0.4935;3.0434;2.7685;2.8579;4.5805;1.2511;4.1387;5.3411;0.1380;3.5296;0.1746;0.6159;2.9957;0.4563;0.4530;0.6037;0.9376;2.3419;0.5144;1.1587;0.5285;0.0791;0.1842;0.2562;0.6750;0.9321;0.0521;2.6578;5.2704;0.3385;0.5899;5.4960;48;048/A/NBP/2021
20210312;0.1251;3.8521;2.9839;0.4962;3.0669;2.7642;2.8600;4.5909;1.2530;4.1373;5.3591;0.1389;3.5304;0.1750;0.6173;2.9830;0.4542;0.4522;0.6050;0.9398;2.3473;0.5060;1.1607;0.5400;0.0795;0.1847;0.2565;0.6958;0.9354;0.0523;2.6778;5.2906;0.3386;0.5919;5.4912;49;049/A/NBP/2021
20210315;0.1251;3.8429;2.9783;0.4950;3.0861;2.7666;2.8570;4.5836;1.2477;4.1355;5.3553;0.1391;3.5227;0.1752;0.6164;2.9861;0.4553;0.4503;0.6045;0.9382;2.3435;0.5128;1.1597;0.5308;0.0793;0.1860;0.2584;0.6922;0.9342;0.0526;2.6677;5.3026;0.3394;0.5913;5.4860;50;050/A/NBP/2021
20210316;0.1253;3.8519;2.9740;0.4960;3.0848;2.7629;2.8614;4.5949;1.2508;4.1521;5.3262;0.1393;3.5275;0.1753;0.6179;3.0269;0.4548;0.4531;0.6062;0.9404;2.3493;0.5118;1.1657;0.5327;0.0792;0.1863;0.2590;0.6859;0.9363;0.0528;2.6731;5.3096;0.3407;0.5924;5.5065;51;051/A/NBP/2021
20210317;0.1256;3.8676;2.9897;0.4981;3.1017;2.7776;2.8729;4.6065;1.2535;4.1754;5.3758;0.1395;3.5451;0.1760;0.6194;3.0386;0.4560;0.4544;0.6079;0.9423;2.3552;0.5156;1.1756;0.5314;0.0794;0.1872;0.2595;0.6876;0.9384;0.0529;2.6807;5.3322;0.3427;0.5949;5.5212;52;052/A/NBP/2021
20210318;0.1256;3.8705;3.0236;0.4985;3.1206;2.7978;2.8844;4.6224;1.2574;4.1837;5.4038;0.1398;3.5500;0.1768;0.6216;3.0491;0.4596;0.4554;0.6100;0.9457;2.3634;0.5177;1.1760;0.5358;0.0795;0.1896;0.2634;0.6931;0.9414;0.0525;2.6861;5.3370;0.3440;0.5952;5.5404;53;053/A/NBP/2021
20210319;0.1261;3.8865;3.0123;0.5004;3.1125;2.7833;2.8940;4.6226;1.2554;4.1820;5.4116;0.1401;3.5707;0.1769;0.6216;3.0332;0.4561;0.4549;0.6101;0.9462;2.3635;0.5341;1.1793;0.5393;0.0800;0.1906;0.2639;0.6989;0.9462;0.0525;2.6980;5.3598;0.3440;0.5973;5.5483;54;054/A/NBP/2021
20210322;0.1254;3.8768;2.9963;0.4993;3.1024;2.7781;2.8903;4.6138;1.2561;4.1828;5.3711;0.1401;3.5683;0.1767;0.6205;3.0555;0.4539;0.4539;0.6091;0.9443;2.3590;0.4900;1.1750;0.5435;0.0799;0.1872;0.2623;0.7062;0.9423;0.0521;2.6918;5.3543;0.3435;0.5955;5.5400;55;055/A/NBP/2021
20210323;0.1251;3.8746;2.9716;0.4988;3.0793;2.7296;2.8851;4.6073;1.2557;4.1704;5.3375;0.1398;3.5653;0.1759;0.6196;3.0963;0.4520;0.4524;0.6083;0.9423;2.3557;0.4882;1.1747;0.5405;0.0796;0.1862;0.2596;0.7036;0.9399;0.0509;2.6916;5.3464;0.3427;0.5948;5.5207;56;056/A/NBP/2021
20210324;0.1262;3.9098;2.9806;0.5033;3.1109;2.7342;2.9065;4.6273;1.2655;4.1825;5.3684;0.1403;3.5991;0.1759;0.6223;3.1160;0.4543;0.4543;0.6110;0.9464;2.3659;0.4926;1.1856;0.5407;0.0804;0.1888;0.2641;0.7081;0.9466;0.0515;2.7105;5.3903;0.3455;0.5996;5.5544;57;057/A/NBP/2021
20210325;0.1262;3.9253;2.9838;0.5052;3.1225;2.7380;2.9146;4.6358;1.2710;4.1943;5.3780;0.1404;3.5991;0.1765;0.6234;3.0988;0.4564;0.4552;0.6119;0.9486;2.3702;0.4907;1.1861;0.5394;0.0808;0.1879;0.2632;0.6983;0.9466;0.0516;2.7211;5.4043;0.3461;0.6004;5.5806;58;058/A/NBP/2021
20210326;0.1265;3.9307;2.9947;0.5059;3.1257;2.7486;2.9194;4.6353;1.2730;4.1814;5.4211;0.1405;3.5905;0.1773;0.6234;3.0902;0.4572;0.4552;0.6119;0.9485;2.3700;0.4892;1.1817;0.5420;0.0810;0.1909;0.2620;0.6958;0.9480;0.0518;2.7264;5.4208;0.3477;0.6011;5.5823;59;059/A/NBP/2021
20210329;0.1268;3.9570;3.0186;0.5090;3.1375;2.7598;2.9365;4.6560;1.2837;4.2164;5.4645;0.1414;3.6092;0.1780;0.6261;3.1040;0.4592;0.4552;0.6145;0.9519;2.3806;0.4866;1.1843;0.5399;0.0816;0.1907;0.2635;0.6875;0.9548;0.0521;2.7394;5.4440;0.3491;0.6027;5.6119;60;060/A/NBP/2021
20210330;0.1268;3.9604;3.0242;0.5095;3.1468;2.7755;2.9404;4.6519;1.2811;4.2040;5.4549;0.1421;3.5919;0.1780;0.6256;3.1013;0.4629;0.4541;0.6143;0.9467;2.3785;0.4773;1.1912;0.5395;0.0816;0.1917;0.2648;0.6849;0.9543;0.0522;2.7351;5.4064;0.3492;0.6030;5.6063;61;061/A/NBP/2021
20210331;0.1267;3.9676;3.0232;0.5104;3.1500;2.7756;2.9518;4.6603;1.2812;4.2119;5.4679;0.1427;3.5900;0.1783;0.6267;3.1425;0.4657;0.4556;0.6155;0.9462;2.3827;0.4742;1.1873;0.5440;0.0817;0.1934;0.2682;0.6872;0.9570;0.0525;2.7315;5.4171;0.3515;0.6053;5.6240;62;062/A/NBP/2021
20210401;0.1260;3.9428;2.9800;0.5071;3.1322;2.7452;2.9279;4.6239;1.2775;4.1644;5.4316;0.1417;3.5594;0.1771;0.6217;3.1095;0.4610;0.4506;0.6108;0.9414;2.3641;0.4810;1.1820;0.5473;0.0812;0.1930;0.2674;0.6999;0.9511;0.0520;2.7145;5.3719;0.3484;0.5998;5.5889;63;063/A/NBP/2021
20210402;0.1247;3.8986;2.9678;0.5014;3.1031;2.7394;2.9013;4.5933;1.2729;4.1428;5.3937;0.1394;3.5317;0.1760;0.6175;3.0890;0.4573;0.4474;0.6070;0.9354;2.3485;0.4851;1.1725;0.5436;0.0803;0.1922;0.2664;0.6829;0.9419;0.0512;2.6840;5.3169;0.3457;0.5941;5.5397;64;064/A/NBP/2021
20210406;0.1243;3.8973;2.9726;0.5011;3.1069;2.7388;2.9068;4.6041;1.2734;4.1553;5.3994;0.1400;3.5301;0.1766;0.6189;3.0962;0.4578;0.4477;0.6082;0.9364;2.3540;0.4777;1.1777;0.5402;0.0802;0.1915;0.2674;0.6881;0.9435;0.0510;2.6869;5.3122;0.3478;0.5949;5.5595;65;065/A/NBP/2021
20210407;0.1232;3.8611;2.9487;0.4961;3.0660;2.7198;2.8821;4.5897;1.2733;4.1547;5.3406;0.1385;3.5149;0.1768;0.6172;3.0618;0.4556;0.4481;0.6058;0.9336;2.3467;0.4731;1.1708;0.5378;0.0793;0.1913;0.2659;0.6905;0.9341;0.0497;2.6638;5.2023;0.3455;0.5901;5.5207;66;066/A/NBP/2021
20210408;0.1220;3.8365;2.9268;0.4930;3.0407;2.6954;2.8615;4.5581;1.2706;4.1353;5.2658;0.1372;3.5049;0.1766;0.6129;3.0266;0.4523;0.4467;0.6014;0.9262;2.3306;0.4710;1.1671;0.5376;0.0789;0.1902;0.2642;0.6834;0.9274;0.0497;2.6395;5.1272;0.3437;0.5858;5.4654;67;067/A/NBP/2021
20210409;0.1218;3.8208;2.9110;0.4913;3.0342;2.6877;2.8475;4.5414;1.2661;4.1265;5.2393;0.1369;3.4843;0.1749;0.6106;3.0075;0.4488;0.4466;0.5996;0.9226;2.3220;0.4708;1.1599;0.5395;0.0787;0.1894;0.2619;0.6862;0.9240;0.0495;2.6233;5.1061;0.3413;0.5825;5.4436;68;068/A/NBP/2021
20210412;0.1212;3.8144;2.9053;0.4904;3.0371;2.6820;2.8431;4.5330;1.2692;4.1222;5.2411;0.1364;3.4846;0.1739;0.6095;2.9881;0.4481;0.4451;0.5990;0.9211;2.3177;0.4653;1.1576;0.5368;0.0785;0.1891;0.2605;0.6712;0.9227;0.0493;2.6135;5.0881;0.3391;0.5822;5.4277;69;069/A/NBP/2021
20210413;0.1214;3.8342;2.9202;0.4933;3.0462;2.6964;2.8578;4.5627;1.2724;4.1473;5.2727;0.1369;3.5064;0.1751;0.6135;3.0038;0.4507;0.4481;0.6029;0.9269;2.3328;0.4719;1.1608;0.5375;0.0790;0.1904;0.2633;0.6687;0.9273;0.0496;2.6253;5.0858;0.3413;0.5855;5.4639;70;070/A/NBP/2021
20210414;0.1219;3.8065;2.9270;0.4902;3.0349;2.7076;2.8480;4.5552;1.2691;4.1413;5.2513;0.1362;3.4928;0.1756;0.6125;3.0028;0.4518;0.4487;0.6015;0.9251;2.3290;0.4724;1.1582;0.5376;0.0786;0.1893;0.2621;0.6658;0.9223;0.0504;2.6067;5.0672;0.3421;0.5830;5.4548;71;071/A/NBP/2021
20210415;0.1219;3.8014;2.9479;0.4894;3.0444;2.7270;2.8488;4.5546;1.2692;4.1198;5.2376;0.1360;3.4948;0.1755;0.6124;3.0024;0.4538;0.4495;0.6021;0.9248;2.3287;0.4714;1.1587;0.5357;0.0785;0.1900;0.2657;0.6723;0.9214;0.0496;2.6020;5.0621;0.3409;0.5823;5.4360;72;072/A/NBP/2021
20210416;0.1214;3.7978;2.9397;0.4889;3.0341;2.7193;2.8469;4.5481;1.2604;4.1279;5.2235;0.1358;3.4881;0.1755;0.6115;2.9981;0.4528;0.4501;0.6011;0.9233;2.3254;0.4716;1.1579;0.5437;0.0786;0.1903;0.2665;0.6762;0.9202;0.0502;2.6075;5.1036;0.3409;0.5822;5.4281;73;073/A/NBP/2021
20210419;0.1211;3.7816;2.9415;0.4867;3.0306;2.7198;2.8409;4.5474;1.2586;4.1348;5.2474;0.1350;3.4988;0.1753;0.6115;3.0016;0.4555;0.4508;0.6006;0.9231;2.3250;0.4706;1.1575;0.5381;0.0782;0.1906;0.2660;0.6768;0.9169;0.0496;2.5995;5.0558;0.3392;0.5810;5.4255;74;074/A/NBP/2021
20210420;0.1208;3.7737;2.9412;0.4861;3.0193;2.7226;2.8418;4.5541;1.2615;4.1257;5.2755;0.1348;3.4785;0.1758;0.6124;3.0020;0.4556;0.4501;0.6015;0.9241;2.3285;0.4650;1.1596;0.5386;0.0782;0.1901;0.2645;0.6804;0.9170;0.0496;2.6028;5.0475;0.3391;0.5809;5.4276;75;075/A/NBP/2021
20210421;0.1212;3.7950;2.9272;0.4889;3.0126;2.7211;2.8529;4.5567;1.2583;4.1325;5.2862;0.1352;3.5073;0.1757;0.6128;3.0038;0.4532;0.4484;0.6015;0.9247;2.3298;0.4670;1.1649;0.5446;0.0784;0.1906;0.2655;0.6815;0.9218;0.0494;2.6123;5.0173;0.3392;0.5841;5.4257;76;076/A/NBP/2021
20210422;0.1209;3.7885;2.9322;0.4883;3.0293;2.7183;2.8519;4.5562;1.2544;4.1354;5.2655;0.1349;3.5067;0.1762;0.6127;3.0174;0.4547;0.4500;0.6018;0.9250;2.3295;0.4567;1.1607;0.5426;0.0783;0.1897;0.2652;0.6802;0.9212;0.0495;2.6091;5.0467;0.3386;0.5835;5.4392;77;077/A/NBP/2021
20210423;0.1206;3.7855;2.9282;0.4877;3.0325;2.7179;2.8505;4.5649;1.2563;4.1354;5.2521;0.1356;3.5080;0.1764;0.6139;3.0231;0.4540;0.4502;0.6027;0.9266;2.3340;0.4536;1.1634;0.5356;0.0782;0.1902;0.2646;0.6953;0.9213;0.0504;2.6062;5.0466;0.3391;0.5830;5.4379;78;078/A/NBP/2021
20210426;0.1198;3.7657;2.9288;0.4853;3.0219;2.7168;2.8415;4.5565;1.2525;4.1189;5.2359;0.1352;3.4961;0.1765;0.6127;3.0136;0.4539;0.4498;0.6023;0.9255;2.3297;0.4527;1.1612;0.5279;0.0778;0.1900;0.2646;0.6878;0.9183;0.0503;2.5998;5.0373;0.3389;0.5805;5.4201;79;079/A/NBP/2021
20210427;0.1205;3.7826;2.9396;0.4873;3.0467;2.7270;2.8514;4.5613;1.2561;4.1258;5.2426;0.1363;3.4910;0.1763;0.6134;3.0368;0.4552;0.4494;0.6031;0.9258;2.3321;0.4578;1.1666;0.5365;0.0781;0.1898;0.2638;0.6958;0.9233;0.0504;2.6114;5.0659;0.3400;0.5832;5.4240;80;080/A/NBP/2021
20210428;0.1209;3.7939;2.9386;0.4887;3.0586;2.7356;2.8604;4.5811;1.2656;4.1415;5.2662;0.1366;3.4829;0.1765;0.6161;3.0581;0.4584;0.4529;0.6061;0.9294;2.3423;0.4625;1.1669;0.5404;0.0782;0.1893;0.2638;0.6958;0.9251;0.0507;2.6165;5.1037;0.3409;0.5852;5.4431;81;081/A/NBP/2021
20210429;0.1210;3.7786;2.9391;0.4868;3.0707;2.7394;2.8486;4.5782;1.2677;4.1509;5.2681;0.1362;3.4674;0.1770;0.6157;3.0809;0.4607;0.4525;0.6060;0.9293;2.3408;0.4619;1.1643;0.5427;0.0782;0.1898;0.2665;0.7072;0.9211;0.0509;2.6150;5.1039;0.3408;0.5843;5.4415;82;082/A/NBP/2021
20210430;0.1211;3.7746;2.9323;0.4862;3.0749;2.7309;2.8430;4.5654;1.2696;4.1502;5.2491;0.1360;3.4657;0.1766;0.6139;3.0640;0.4588;0.4492;0.6050;0.9265;2.3342;0.4587;1.1623;0.5321;0.0782;0.1878;0.2620;0.7071;0.9212;0.0503;2.6131;5.0928;0.3391;0.5835;5.4117;83;083/A/NBP/2021
20210504;0.1217;3.7940;2.9273;0.4885;3.0802;2.7104;2.8406;4.5539;1.2634;4.1450;5.2622;0.1364;3.4673;0.1762;0.6124;3.0279;0.4559;0.4477;0.6039;0.9246;2.3283;0.4558;1.1650;0.5386;0.0790;0.1872;0.2619;0.6974;0.9204;0.0504;2.6291;5.1378;0.3374;0.5848;5.4210;84;084/A/NBP/2021
20210505;0.1226;3.8136;2.9444;0.4909;3.1049;2.7346;2.8527;4.5752;1.2705;4.1655;5.2984;0.1375;3.4872;0.1769;0.6153;3.0522;0.4582;0.4487;0.6073;0.9286;2.3392;0.4559;1.1678;0.5419;0.0794;0.1887;0.2638;0.7004;0.9258;0.0511;2.6419;5.1598;0.3388;0.5875;5.4498;85;085/A/NBP/2021
20210506;0.1219;3.8066;2.9483;0.4900;3.1061;2.7420;2.8490;4.5829;1.2775;4.1809;5.2908;0.1372;3.4851;0.1775;0.6163;3.0330;0.4571;0.4497;0.6086;0.9302;2.3432;0.4586;1.1663;0.5399;0.0793;0.1882;0.2666;0.7110;0.9239;0.0510;2.6584;5.1545;0.3385;0.5878;5.4688;86;086/A/NBP/2021
20210507;0.1214;3.7861;2.9441;0.4875;3.1093;2.7367;2.8439;4.5764;1.2764;4.1723;5.2720;0.1363;3.4693;0.1778;0.6154;3.0408;0.4568;0.4513;0.6074;0.9290;2.3399;0.4567;1.1611;0.5407;0.0791;0.1885;0.2655;0.7175;0.9206;0.0511;2.6504;5.1481;0.3380;0.5866;5.4403;87;087/A/NBP/2021
20210510;0.1206;3.7493;2.9511;0.4828;3.0960;2.7335;2.8310;4.5631;1.2739;4.1651;5.2823;0.1351;3.4458;0.1779;0.6137;3.0279;0.4574;0.4510;0.6057;0.9262;2.3331;0.4543;1.1545;0.5391;0.0784;0.1885;0.2679;0.7163;0.9129;0.0509;2.6407;5.1099;0.3366;0.5845;5.4329;88;088/A/NBP/2021
20210511;0.1206;3.7514;2.9442;0.4830;3.1022;2.7310;2.8282;4.5628;1.2721;4.1592;5.3050;0.1355;3.4475;0.1782;0.6137;3.0237;0.4549;0.4512;0.6055;0.9260;2.3329;0.4513;1.1467;0.5383;0.0785;0.1888;0.2681;0.7181;0.9111;0.0507;2.6424;5.1144;0.3356;0.5843;5.4083;89;089/A/NBP/2021
20210512;0.1201;3.7456;2.9235;0.4823;3.0989;2.7079;2.8205;4.5453;1.2702;4.1413;5.2969;0.1356;3.4442;0.1780;0.6113;3.0201;0.4531;0.4494;0.6042;0.9223;2.3240;0.4501;1.1413;0.5332;0.0784;0.1875;0.2677;0.7172;0.9077;0.0505;2.6382;5.1008;0.3328;0.5814;5.3858;90;090/A/NBP/2021
20210513;0.1200;3.7675;2.9037;0.4851;3.1033;2.6952;2.8214;4.5447;1.2734;4.1472;5.2861;0.1363;3.4385;0.1778;0.6112;3.0197;0.4498;0.4460;0.6039;0.9222;2.3236;0.4434;1.1435;0.5326;0.0787;0.1871;0.2675;0.7103;0.9133;0.0506;2.6537;5.1199;0.3326;0.5836;5.4021;91;091/A/NBP/2021
20210514;0.1192;3.7374;2.8944;0.4813;3.0791;2.6936;2.8009;4.5316;1.2722;4.1413;5.2571;0.1353;3.4199;0.1776;0.6094;3.0110;0.4499;0.4465;0.6026;0.9200;2.3169;0.4427;1.1390;0.5282;0.0783;0.1882;0.2648;0.7040;0.9059;0.0505;2.6324;5.1043;0.3313;0.5809;5.3860;92;092/A/NBP/2021
20210517;0.1186;3.7288;2.8939;0.4801;3.0787;2.6911;2.7913;4.5298;1.2850;4.1347;5.2602;0.1353;3.4142;0.1778;0.6092;3.0019;0.4517;0.4468;0.6028;0.9198;2.3160;0.4470;1.1389;0.5328;0.0779;0.1877;0.2641;0.7071;0.9025;0.0505;2.6105;5.0937;0.3284;0.5790;5.3757;93;093/A/NBP/2021
20210518;0.1178;3.7050;2.8903;0.4771;3.0818;2.6876;2.7872;4.5272;1.2898;4.1301;5.2657;0.1351;3.4037;0.1779;0.6088;3.0001;0.4504;0.4465;0.6022;0.9189;2.3147;0.4446;1.1346;0.5178;0.0775;0.1878;0.2645;0.7026;0.8986;0.0503;2.5959;5.0770;0.3282;0.5768;5.3727;94;094/A/NBP/2021
20210519;0.1179;3.7087;2.8761;0.4776;3.0684;2.6710;2.7857;4.5306;1.2890;4.1193;5.2596;0.1353;3.4006;0.1777;0.6093;3.0144;0.4483;0.4460;0.6032;0.9195;2.3164;0.4404;1.1367;0.5206;0.0775;0.1863;0.2643;0.7049;0.8970;0.0503;2.5967;5.0715;0.3285;0.5761;5.3533;95;095/A/NBP/2021
20210520;0.1181;3.7077;2.8703;0.4777;3.0555;2.6606;2.7810;4.5189;1.2922;4.1113;5.2320;0.1350;3.4039;0.1771;0.6077;3.0106;0.4452;0.4442;0.6020;0.9170;2.3105;0.4432;1.1367;0.5185;0.0774;0.1865;0.2631;0.6983;0.8946;0.0503;2.5792;5.0694;0.3275;0.5759;5.3410;96;096/A/NBP/2021
20210521;0.1172;3.6778;2.8517;0.4737;3.0465;2.6434;2.7625;4.4958;1.2864;4.0999;5.2249;0.1339;3.3856;0.1764;0.6046;3.0113;0.4422;0.4437;0.5988;0.9124;2.2986;0.4395;1.1300;0.5100;0.0768;0.1849;0.2632;0.6962;0.8879;0.0500;2.5621;5.0418;0.3259;0.5718;5.3153;97;097/A/NBP/2021
20210524;0.1173;3.6795;2.8400;0.4739;3.0473;2.6382;2.7648;4.4877;1.2901;4.0935;5.2022;0.1342;3.3781;0.1765;0.6035;3.0139;0.4405;0.4420;0.5981;0.9110;2.2945;0.4379;1.1295;0.5103;0.0764;0.1844;0.2628;0.6861;0.8883;0.0501;2.5634;5.0480;0.3264;0.5722;5.3205;98;098/A/NBP/2021
20210525;0.1166;3.6549;2.8388;0.4709;3.0349;2.6433;2.7571;4.4806;1.2860;4.0902;5.1850;0.1331;3.3613;0.1763;0.6026;3.0091;0.4399;0.4429;0.5967;0.9098;2.2909;0.4358;1.1265;0.5008;0.0759;0.1841;0.2637;0.6870;0.8826;0.0498;2.5510;5.0200;0.3256;0.5707;5.2974;99;099/A/NBP/2021
20210526;0.1174;3.6691;2.8538;0.4727;3.0383;2.6774;2.7720;4.4914;1.2820;4.0993;5.1945;0.1331;3.3704;0.1762;0.6040;3.0204;0.4407;0.4425;0.5979;0.9120;2.2964;0.4349;1.1297;0.4999;0.0762;0.1847;0.2649;0.6881;0.8857;0.0500;2.5609;5.0459;0.3283;0.5738;5.2960;100;100/A/NBP/2021
20210527;0.1181;3.6929;2.8577;0.4758;3.0469;2.6911;2.7887;4.4980;1.2882;4.1087;5.2124;0.1342;3.3818;0.1765;0.6049;3.0412;0.4404;0.4439;0.5988;0.9145;2.2998;0.4369;1.1359;0.5058;0.0768;0.1859;0.2691;0.6952;0.8920;0.0502;2.5847;5.0822;0.3304;0.5789;5.3201;101;101/A/NBP/2021
20210528;0.1176;3.6766;2.8423;0.4738;3.0431;2.6688;2.7786;4.4845;1.2884;4.0941;5.2200;0.1338;3.3469;0.1760;0.6030;3.0528;0.4411;0.4432;0.5965;0.9117;2.2929;0.4308;1.1301;0.5073;0.0768;0.1838;0.2658;0.7017;0.8894;0.0500;2.5737;5.0747;0.3300;0.5778;5.3112;102;102/A/NBP/2021
20210531;0.1176;3.6724;2.8420;0.4732;3.0433;2.6664;2.7789;4.4805;1.2866;4.0815;5.2044;0.1337;3.3492;0.1757;0.6025;3.0356;0.4391;0.4426;0.5968;0.9106;2.2908;0.4328;1.1312;0.5069;0.0770;0.1843;0.2674;0.7029;0.8894;0.0501;2.5718;5.0621;0.3314;0.5771;5.3263;103;103/A/NBP/2021
20210601;0.1174;3.6590;2.8330;0.4716;3.0396;2.6584;2.7675;4.4749;1.2887;4.0709;5.1919;0.1334;3.3392;0.1758;0.6017;3.0318;0.4432;0.4430;0.5960;0.9098;2.2880;0.4288;1.1280;0.5062;0.0766;0.1840;0.2662;0.7012;0.8862;0.0499;2.5623;5.0223;0.3305;0.5740;5.2998;104;104/A/NBP/2021
20210602;0.1177;3.6659;2.8302;0.4725;3.0345;2.6481;2.7686;4.4654;1.2891;4.0707;5.1821;0.1340;3.3367;0.1755;0.6005;3.0356;0.4400;0.4425;0.5951;0.9076;2.2831;0.4247;1.1266;0.5032;0.0766;0.1833;0.2660;0.7116;0.8882;0.0499;2.5671;5.0156;0.3293;0.5742;5.2782;105;105/A/NBP/2021
20210604;0.1182;3.6931;2.8301;0.4761;3.0463;2.6416;2.7808;4.4734;1.2878;4.0838;5.2174;0.1354;3.3534;0.1757;0.6015;3.0452;0.4398;0.4421;0.5962;0.9087;2.2872;0.4247;1.1348;0.5137;0.0774;0.1829;0.2701;0.7273;0.8946;0.0504;2.5835;5.0561;0.3311;0.5762;5.2978;106;106/A/NBP/2021
20210607;0.1175;3.6656;2.8413;0.4725;3.0320;2.6452;2.7696;4.4581;1.2899;4.0756;5.1838;0.1349;3.3517;0.1754;0.5995;3.0307;0.4426;0.4434;0.5943;0.9056;2.2794;0.4253;1.1282;0.5103;0.0770;0.1847;0.2725;0.7264;0.8880;0.0503;2.5698;5.0343;0.3296;0.5732;5.2937;107;107/A/NBP/2021
20210608;0.1176;3.6690;2.8419;0.4729;3.0357;2.6463;2.7718;4.4674;1.2861;4.0901;5.1889;0.1350;3.3508;0.1757;0.6007;3.0453;0.4444;0.4430;0.5960;0.9075;2.2841;0.4272;1.1296;0.5120;0.0769;0.1854;0.2706;0.7269;0.8904;0.0505;2.5738;5.0337;0.3288;0.5737;5.2969;108;108/A/NBP/2021
20210609;0.1173;3.6545;2.8311;0.4710;3.0227;2.6324;2.7617;4.4541;1.2835;4.0775;5.1837;0.1349;3.3379;0.1754;0.5989;3.0321;0.4422;0.4422;0.5940;0.9045;2.2773;0.4255;1.1260;0.5092;0.0766;0.1859;0.2696;0.7256;0.8875;0.0507;2.5637;5.0108;0.3283;0.5720;5.2754;109;109/A/NBP/2021
20210610;0.1182;3.6821;2.8500;0.4745;3.0399;2.6453;2.7788;4.4800;1.2936;4.1084;5.1876;0.1359;3.3630;0.1761;0.6025;3.0373;0.4421;0.4447;0.5976;0.9101;2.2906;0.4309;1.1346;0.5115;0.0771;0.1867;0.2695;0.7272;0.8940;0.0510;2.5844;5.0374;0.3301;0.5761;5.3042;110;110/A/NBP/2021
20210611;0.1184;3.6759;2.8531;0.4738;3.0404;2.6459;2.7789;4.4723;1.2925;4.1043;5.2040;0.1360;3.3558;0.1768;0.6015;3.0424;0.4434;0.4448;0.5970;0.9087;2.2866;0.4406;1.1340;0.5107;0.0770;0.1868;0.2709;0.7271;0.8945;0.0513;2.5909;5.0318;0.3304;0.5753;5.2982;111;111/A/NBP/2021
20210614;0.1194;3.7185;2.8666;0.4791;3.0569;2.6540;2.8016;4.5027;1.2862;4.1360;5.2369;0.1378;3.3908;0.1769;0.6055;3.0589;0.4467;0.4465;0.6013;0.9155;2.3022;0.4447;1.1451;0.5150;0.0777;0.1868;0.2697;0.7269;0.9036;0.0514;2.6182;5.0743;0.3324;0.5811;5.3552;112;112/A/NBP/2021
20210615;0.1199;3.7349;2.8728;0.4811;3.0704;2.6661;2.8154;4.5306;1.2898;4.1601;5.2617;0.1388;3.3913;0.1780;0.6093;3.0779;0.4491;0.4495;0.6051;0.9203;2.3164;0.4367;1.1532;0.5192;0.0777;0.1876;0.2716;0.7381;0.9073;0.0520;2.6256;5.0940;0.3341;0.5833;5.3852;113;113/A/NBP/2021
20210616;0.1198;3.7336;2.8764;0.4810;3.0654;2.6664;2.8158;4.5285;1.2889;4.1567;5.2657;0.1382;3.3962;0.1779;0.6089;3.0848;0.4477;0.4476;0.6052;0.9196;2.3154;0.4388;1.1519;0.5135;0.0777;0.1869;0.2712;0.7400;0.9072;0.0519;2.6224;5.0896;0.3340;0.5836;5.3826;114;114/A/NBP/2021
20210617;0.1208;3.7931;2.8825;0.4884;3.0800;2.6760;2.8323;4.5309;1.2809;4.1505;5.2999;0.1397;3.4274;0.1778;0.6092;3.0864;0.4452;0.4450;0.6046;0.9201;2.3166;0.4384;1.1632;0.5194;0.0783;0.1854;0.2695;0.7503;0.9167;0.0522;2.6424;5.1231;0.3352;0.5895;5.3803;115;115/A/NBP/2021
20210618;0.1215;3.8198;2.8800;0.4920;3.0880;2.6697;2.8469;4.5503;1.2805;4.1580;5.3015;0.1405;3.4678;0.1784;0.6119;3.0997;0.4454;0.4459;0.6070;0.9238;2.3265;0.4411;1.1698;0.5172;0.0789;0.1870;0.2709;0.7627;0.9223;0.0529;2.6572;5.1640;0.3380;0.5929;5.4484;116;116/A/NBP/2021
20210621;0.1208;3.8214;2.8651;0.4922;3.0676;2.6606;2.8400;4.5442;1.2811;4.1486;5.2883;0.1401;3.4754;0.1777;0.6111;3.0997;0.4412;0.4444;0.6060;0.9224;2.3234;0.4367;1.1702;0.5104;0.0784;0.1860;0.2675;0.7507;0.9209;0.0523;2.6487;5.1551;0.3372;0.5906;5.4568;117;117/A/NBP/2021
20210622;0.1202;3.8132;2.8600;0.4911;3.0783;2.6597;2.8312;4.5366;1.2820;4.1451;5.2883;0.1396;3.4513;0.1776;0.6101;3.0945;0.4431;0.4462;0.6050;0.9210;2.3195;0.4351;1.1687;0.5101;0.0783;0.1850;0.2661;0.7604;0.9177;0.0521;2.6476;5.1383;0.3360;0.5892;5.4446;118;118/A/NBP/2021
20210623;0.1189;3.7878;2.8650;0.4878;3.0806;2.6664;2.8144;4.5200;1.2941;4.1231;5.2915;0.1389;3.4154;0.1777;0.6078;3.0874;0.4456;0.4468;0.6028;0.9175;2.3110;0.4405;1.1644;0.5109;0.0777;0.1867;0.2670;0.7638;0.9093;0.0522;2.6245;5.1016;0.3334;0.5844;5.4209;119;119/A/NBP/2021
20210624;0.1192;3.7986;2.8779;0.4893;3.0884;2.6800;2.8251;4.5302;1.2961;4.1296;5.3072;0.1385;3.4263;0.1787;0.6092;3.0944;0.4469;0.4482;0.6041;0.9198;2.3162;0.4377;1.1674;0.5160;0.0780;0.1884;0.2665;0.7648;0.9125;0.0526;2.6306;5.1171;0.3352;0.5869;5.4152;120;120/A/NBP/2021
20210625;0.1188;3.7749;2.8679;0.4864;3.0682;2.6711;2.8136;4.5085;1.2833;4.1175;5.2516;0.1379;3.4092;0.1771;0.6063;3.0775;0.4449;0.4460;0.6014;0.9154;2.3051;0.4340;1.1635;0.5143;0.0778;0.1904;0.2669;0.7681;0.9082;0.0523;2.6170;5.0869;0.3347;0.5848;5.3972;121;121/A/NBP/2021
20210628;0.1182;3.7762;2.8640;0.4865;3.0709;2.6678;2.8125;4.5092;1.2843;4.1139;5.2585;0.1382;3.4104;0.1769;0.6064;3.0612;0.4438;0.4462;0.6015;0.9152;2.3056;0.4338;1.1595;0.5150;0.0776;0.1903;0.2649;0.7652;0.9115;0.0523;2.6142;5.0880;0.3341;0.5848;5.3919;122;122/A/NBP/2021
20210629;0.1184;3.7914;2.8549;0.4884;3.0631;2.6542;2.8197;4.5123;1.2852;4.1161;5.2459;0.1396;3.4278;0.1772;0.6069;3.0633;0.4422;0.4443;0.6023;0.9158;2.3071;0.4343;1.1637;0.5158;0.0779;0.1910;0.2647;0.7696;0.9135;0.0523;2.6174;5.1038;0.3351;0.5869;5.4125;123;123/A/NBP/2021
20210630;0.1186;3.8035;2.8523;0.4899;3.0621;2.6542;2.8278;4.5208;1.2850;4.1212;5.2616;0.1396;3.4428;0.1773;0.6080;3.0733;0.4434;0.4466;0.6035;0.9174;2.3114;0.4370;1.1691;0.5227;0.0778;0.1917;0.2653;0.7673;0.9161;0.0520;2.6231;5.1091;0.3367;0.5889;5.4258;124;124/A/NBP/2021
20210701;0.1190;3.8149;2.8566;0.4913;3.0734;2.6645;2.8338;4.5187;1.2866;4.1167;5.2574;0.1392;3.4244;0.1773;0.6077;3.0802;0.4424;0.4448;0.6033;0.9171;2.3104;0.4392;1.1703;0.5209;0.0775;0.1909;0.2665;0.7675;0.9177;0.0523;2.6305;5.1206;0.3367;0.5901;5.4237;125;125/A/NBP/2021
20210702;0.1188;3.8263;2.8516;0.4925;3.0767;2.6621;2.8313;4.5257;1.2865;4.1317;5.2631;0.1397;3.4325;0.1769;0.6086;3.0766;0.4419;0.4450;0.6044;0.9185;2.3139;0.4405;1.1697;0.5167;0.0776;0.1914;0.2645;0.7579;0.9190;0.0520;2.6330;5.1112;0.3369;0.5904;5.4321;126;126/A/NBP/2021
20210705;0.1183;3.7979;2.8605;0.4889;3.0772;2.6685;2.8229;4.5083;1.2829;4.1207;5.2606;0.1392;3.4246;0.1763;0.6063;3.0648;0.4427;0.4443;0.6020;0.9150;2.3050;0.4383;1.1640;0.5171;0.0771;0.1918;0.2664;0.7507;0.9137;0.0518;2.6235;5.1083;0.3360;0.5877;5.4113;127;127/A/NBP/2021
20210706;0.1183;3.8021;2.8817;0.4895;3.0804;2.6931;2.8284;4.5036;1.2738;4.1172;5.2683;0.1395;3.4313;0.1759;0.6057;3.0616;0.4428;0.4446;0.6017;0.9140;2.3026;0.4400;1.1655;0.5163;0.0765;0.1917;0.2673;0.7467;0.9154;0.0519;2.6276;5.1018;0.3358;0.5883;5.4056;128;128/A/NBP/2021
20210707;0.1184;3.8225;2.8690;0.4921;3.0714;2.6853;2.8361;4.5197;1.2757;4.1402;5.2671;0.1402;3.4513;0.1762;0.6078;3.0809;0.4400;0.4457;0.6036;0.9171;2.3109;0.4399;1.1696;0.5111;0.0768;0.1910;0.2661;0.7355;0.9184;0.0514;2.6394;5.1189;0.3360;0.5914;5.4376;129;129/A/NBP/2021
20210708;0.1183;3.8408;2.8570;0.4944;3.0570;2.6770;2.8411;4.5414;1.2682;4.1858;5.2955;0.1407;3.4967;0.1758;0.6107;3.1042;0.4372;0.4459;0.6065;0.9217;2.3220;0.4405;1.1719;0.5127;0.0769;0.1910;0.2671;0.7340;0.9185;0.0511;2.6443;5.1388;0.3345;0.5927;5.4632;130;130/A/NBP/2021
20210709;0.1180;3.8427;2.8584;0.4947;3.0687;2.6708;2.8370;4.5467;1.2773;4.1965;5.2942;0.1406;3.4902;0.1764;0.6114;3.1078;0.4383;0.4463;0.6069;0.9225;2.3247;0.4423;1.1731;0.5100;0.0768;0.1928;0.2690;0.7306;0.9171;0.0516;2.6450;5.1477;0.3347;0.5925;5.4680;131;131/A/NBP/2021
20210712;0.1177;3.8378;2.8671;0.4941;3.0736;2.6759;2.8406;4.5559;1.2821;4.1965;5.3192;0.1406;3.4860;0.1768;0.6126;3.1141;0.4413;0.4470;0.6080;0.9246;2.3294;0.4441;1.1696;0.5126;0.0765;0.1925;0.2675;0.7297;0.9157;0.0515;2.6483;5.1470;0.3346;0.5929;5.4736;132;132/A/NBP/2021
20210713;0.1181;3.8533;2.8844;0.4962;3.0914;2.6927;2.8502;4.5662;1.2817;4.2087;5.3412;0.1410;3.4918;0.1779;0.6139;3.1211;0.4436;0.4486;0.6095;0.9267;2.3346;0.4459;1.1748;0.5181;0.0772;0.1939;0.2651;0.7447;0.9195;0.0521;2.6642;5.1745;0.3368;0.5960;5.4889;133;133/A/NBP/2021
20210714;0.1192;3.8955;2.8981;0.5015;3.1120;2.7286;2.8733;4.5904;1.2799;4.2384;5.3941;0.1426;3.5251;0.1786;0.6172;3.1334;0.4432;0.4496;0.6129;0.9314;2.3470;0.4512;1.1862;0.5196;0.0774;0.1948;0.2642;0.7544;0.9274;0.0525;2.6902;5.2202;0.3388;0.6019;5.5224;134;134/A/NBP/2021
20210715;0.1182;3.8629;2.8866;0.4973;3.0888;2.7139;2.8562;4.5777;1.2753;4.2349;5.3490;0.1415;3.5198;0.1791;0.6155;3.1333;0.4422;0.4479;0.6112;0.9286;2.3405;0.4502;1.1846;0.5184;0.0770;0.1943;0.2663;0.7617;0.9197;0.0521;2.6673;5.1831;0.3384;0.5980;5.5139;135;135/A/NBP/2021
20210716;0.1185;3.8808;2.8882;0.4995;3.0887;2.7274;2.8672;4.5865;1.2764;4.2219;5.3788;0.1425;3.5254;0.1797;0.6167;3.1436;0.4409;0.4481;0.6119;0.9305;2.3450;0.4543;1.1838;0.5127;0.0772;0.1954;0.2699;0.7592;0.9219;0.0524;2.6769;5.2039;0.3403;0.6002;5.5329;136;136/A/NBP/2021
20210719;0.1186;3.8968;2.8668;0.5015;3.0602;2.7147;2.8639;4.5877;1.2738;4.2297;5.3432;0.1432;3.5510;0.1791;0.6168;3.1401;0.4370;0.4469;0.6118;0.9311;2.3456;0.4528;1.1820;0.5154;0.0770;0.1949;0.2690;0.7618;0.9227;0.0523;2.6842;5.2041;0.3386;0.6006;5.5302;137;137/A/NBP/2021
20210720;0.1188;3.9012;2.8581;0.5019;3.0587;2.6962;2.8525;4.5983;1.2790;4.2477;5.3307;0.1433;3.5582;0.1793;0.6182;3.1431;0.4343;0.4486;0.6126;0.9334;2.3510;0.4556;1.1833;0.5131;0.0769;0.1945;0.2680;0.7427;0.9235;0.0524;2.6872;5.2274;0.3397;0.6021;5.5521;138;138/A/NBP/2021
20210721;0.1188;3.9035;2.8572;0.5021;3.0800;2.7042;2.8559;4.5983;1.2782;4.2379;5.3203;0.1433;3.5453;0.1789;0.6182;3.1238;0.4355;0.4491;0.6110;0.9335;2.3510;0.4545;1.1863;0.5148;0.0777;0.1940;0.2659;0.7476;0.9223;0.0525;2.6842;5.2411;0.3382;0.6033;5.5486;139;139/A/NBP/2021
20210722;0.1180;3.8801;2.8614;0.4992;3.0868;2.7010;2.8515;4.5773;1.2750;4.2279;5.3286;0.1428;3.5195;0.1786;0.6154;3.0928;0.4382;0.4472;0.6083;0.9293;2.3403;0.4535;1.1858;0.5155;0.0774;0.1926;0.2669;0.7478;0.9185;0.0526;2.6791;5.2154;0.3376;0.6001;5.5208;140;140/A/NBP/2021
20210723;0.1180;3.8851;2.8638;0.5000;3.0917;2.7107;2.8577;4.5747;1.2751;4.2208;5.3349;0.1437;3.5166;0.1781;0.6150;3.0827;0.4390;0.4476;0.6072;0.9293;2.3390;0.4539;1.1887;0.5153;0.0773;0.1934;0.2631;0.7470;0.9193;0.0527;2.6808;5.2208;0.3378;0.6001;5.5246;141;141/A/NBP/2021
20210726;0.1181;3.8915;2.8587;0.5005;3.0972;2.7100;2.8611;4.5858;1.2687;4.2381;5.3582;0.1442;3.5305;0.1782;0.6166;3.0860;0.4359;0.4481;0.6090;0.9319;2.3447;0.4545;1.1919;0.5106;0.0773;0.1936;0.2610;0.7481;0.9200;0.0525;2.6871;5.2260;0.3369;0.6003;5.5347;142;142/A/NBP/2021
20210727;0.1184;3.9017;2.8677;0.5014;3.0997;2.7128;2.8693;4.5954;1.2702;4.2540;5.3766;0.1450;3.5447;0.1786;0.6179;3.0925;0.4391;0.4513;0.6123;0.9342;2.3496;0.4562;1.1988;0.5133;0.0774;0.1939;0.2620;0.7537;0.9221;0.0528;2.6922;5.2408;0.3382;0.6003;5.5425;143;143/A/NBP/2021
20210728;0.1182;3.8849;2.8571;0.4992;3.0910;2.7005;2.8590;4.5955;1.2799;4.2533;5.3979;0.1448;3.5336;0.1789;0.6178;3.0842;0.4380;0.4507;0.6124;0.9343;2.3496;0.4537;1.1956;0.5059;0.0771;0.1949;0.2631;0.7515;0.9173;0.0529;2.6816;5.2248;0.3368;0.5979;5.5302;144;144/A/NBP/2021
20210729;0.1175;3.8617;2.8589;0.4967;3.0992;2.7009;2.8525;4.5866;1.2781;4.2526;5.3909;0.1436;3.5168;0.1796;0.6167;3.0991;0.4416;0.4503;0.6109;0.9320;2.3451;0.4530;1.1891;0.5069;0.0768;0.1945;0.2636;0.7548;0.9123;0.0528;2.6665;5.2011;0.3370;0.5979;5.5272;145;145/A/NBP/2021
20210730;0.1169;3.8410;2.8423;0.4941;3.0902;2.6947;2.8416;4.5731;1.2782;4.2444;5.3681;0.1432;3.5077;0.1795;0.6148;3.1067;0.4384;0.4495;0.6095;0.9292;2.3382;0.4558;1.1880;0.5052;0.0768;0.1933;0.2639;0.7558;0.9097;0.0526;2.6558;5.1636;0.3348;0.5949;5.4982;146;146/A/NBP/2021
20210802;0.1164;3.8377;2.8226;0.4935;3.0784;2.6779;2.8387;4.5611;1.2787;4.2383;5.3424;0.1429;3.4999;0.1789;0.6132;3.1070;0.4351;0.4465;0.6083;0.9275;2.3320;0.4560;1.1896;0.5072;0.0769;0.1932;0.2644;0.7362;0.9083;0.0526;2.6609;5.1611;0.3336;0.5939;5.4804;147;147/A/NBP/2021
20210803;0.1160;3.8315;2.8314;0.4927;3.0616;2.6841;2.8363;4.5533;1.2822;4.2366;5.3305;0.1428;3.5104;0.1786;0.6121;3.1017;0.4365;0.4469;0.6071;0.9256;2.3280;0.4601;1.1893;0.4986;0.0771;0.1932;0.2670;0.7402;0.9077;0.0526;2.6715;5.1601;0.3337;0.5927;5.4699;148;148/A/NBP/2021
20210804;0.1159;3.8366;2.8451;0.4935;3.0601;2.7112;2.8438;4.5468;1.2815;4.2361;5.3448;0.1426;3.5136;0.1787;0.6114;3.0931;0.4351;0.4459;0.6062;0.9244;2.3247;0.4542;1.1931;0.4945;0.0771;0.1930;0.2691;0.7382;0.9086;0.0527;2.6806;5.1692;0.3356;0.5937;5.4646;149;149/A/NBP/2021
20210805;0.1159;3.8485;2.8492;0.4949;3.0738;2.7175;2.8489;4.5555;1.2866;4.2454;5.3553;0.1428;3.5110;0.1793;0.6126;3.0780;0.4357;0.4470;0.6072;0.9263;2.3292;0.4497;1.1974;0.4970;0.0765;0.1928;0.2677;0.7444;0.9127;0.0526;2.6833;5.1876;0.3368;0.5956;5.4818;150;150/A/NBP/2021
20210806;0.1154;3.8519;2.8476;0.4954;3.0789;2.7164;2.8506;4.5495;1.2884;4.2422;5.3612;0.1436;3.5085;0.1792;0.6117;3.0781;0.4358;0.4467;0.6065;0.9256;2.3261;0.4490;1.1965;0.4951;0.0763;0.1932;0.2650;0.7342;0.9133;0.0527;2.6838;5.1959;0.3369;0.5956;5.4769;151;151/A/NBP/2021
20210809;0.1162;3.8885;2.8553;0.4996;3.0969;2.7254;2.8666;4.5709;1.2896;4.2421;5.3883;0.1449;3.5291;0.1798;0.6146;3.0926;0.4362;0.4478;0.6094;0.9302;2.3370;0.4487;1.2055;0.4933;0.0771;0.1941;0.2660;0.7433;0.9194;0.0529;2.7074;5.2359;0.3393;0.6003;5.5138;152;152/A/NBP/2021
20210810;0.1163;3.8937;2.8568;0.5003;3.0974;2.7208;2.8662;4.5681;1.2954;4.2272;5.3977;0.1456;3.5240;0.1799;0.6142;3.0866;0.4358;0.4471;0.6090;0.9292;2.3356;0.4502;1.2075;0.4956;0.0772;0.1938;0.2628;0.7440;0.9208;0.0529;2.7073;5.2329;0.3383;0.6007;5.5211;153;153/A/NBP/2021
20210811;0.1173;3.9148;2.8683;0.5031;3.1233;2.7398;2.8781;4.5854;1.2926;4.2385;5.4060;0.1460;3.5335;0.1806;0.6165;3.0982;0.4383;0.4488;0.6117;0.9328;2.3445;0.4529;1.2149;0.5025;0.0776;0.1951;0.2638;0.7543;0.9233;0.0529;2.7219;5.2597;0.3380;0.6036;5.5538;154;154/A/NBP/2021
20210812;0.1184;3.9074;2.8786;0.5022;3.1234;2.7497;2.8809;4.5900;1.2990;4.2404;5.4166;0.1460;3.5407;0.1806;0.6172;3.1014;0.4427;0.4511;0.6120;0.9340;2.3468;0.4553;1.2127;0.5065;0.0775;0.1965;0.2667;0.7486;0.9232;0.0532;2.7168;5.2626;0.3361;0.6035;5.5562;155;155/A/NBP/2021
20210813;0.1167;3.8934;2.8582;0.5002;3.1106;2.7281;2.8668;4.5718;1.2963;4.2204;5.3726;0.1459;3.5306;0.1801;0.6147;3.0891;0.4403;0.4484;0.6098;0.9306;2.3375;0.4558;1.2081;0.5025;0.0770;0.1955;0.2622;0.7410;0.9188;0.0530;2.7061;5.2426;0.3331;0.6007;5.5309;156;156/A/NBP/2021
20210816;0.1158;3.8730;2.8430;0.4976;3.0888;2.7241;2.8569;4.5651;1.2973;4.2425;5.3682;0.1455;3.5428;0.1798;0.6139;3.0845;0.4384;0.4472;0.6089;0.9294;2.3341;0.4566;1.2034;0.4991;0.0765;0.1948;0.2633;0.7386;0.9143;0.0528;2.6948;5.2247;0.3327;0.5982;5.5113;157;157/A/NBP/2021
20210817;0.1166;3.8797;2.8307;0.4981;3.0759;2.6884;2.8552;4.5691;1.2982;4.2602;5.3571;0.1454;3.5494;0.1795;0.6144;3.0789;0.4388;0.4483;0.6098;0.9283;2.3361;0.4607;1.2025;0.4931;0.0769;0.1951;0.2609;0.7374;0.9151;0.0528;2.6994;5.2218;0.3303;0.5987;5.5236;158;158/A/NBP/2021
20210818;0.1167;3.8861;2.8207;0.4991;3.0797;2.6874;2.8570;4.5547;1.2971;4.2553;5.3465;0.1458;3.5447;0.1787;0.6125;3.0692;0.4364;0.4447;0.6081;0.9245;2.3288;0.4577;1.1999;0.4919;0.0770;0.1947;0.2610;0.7338;0.9177;0.0529;2.7038;5.2308;0.3320;0.5995;5.5038;159;159/A/NBP/2021
20210819;0.1174;3.9226;2.8074;0.5034;3.0766;2.6755;2.8752;4.5843;1.3044;4.2818;5.3649;0.1472;3.5787;0.1798;0.6164;3.0892;0.4356;0.4467;0.6110;0.9302;2.3439;0.4590;1.2086;0.4980;0.0776;0.1946;0.2585;0.7290;0.9249;0.0529;2.7235;5.2690;0.3333;0.6039;5.5488;160;160/A/NBP/2021
20210820;0.1178;3.9301;2.7980;0.5044;3.0440;2.6808;2.8818;4.5880;1.3089;4.2816;5.3536;0.1473;3.5830;0.1799;0.6169;3.0792;0.4324;0.4447;0.6115;0.9297;2.3458;0.4599;1.2125;0.4997;0.0780;0.1942;0.2562;0.7257;0.9272;0.0528;2.7193;5.2799;0.3322;0.6048;5.5607;161;161/A/NBP/2021
20210823;0.1171;3.9107;2.8042;0.5020;3.0691;2.6802;2.8775;4.5876;1.3106;4.2781;5.3394;0.1465;3.5571;0.1795;0.6168;3.0666;0.4369;0.4469;0.6119;0.9298;2.3456;0.4614;1.2109;0.4971;0.0779;0.1924;0.2563;0.7272;0.9249;0.0528;2.7134;5.2667;0.3337;0.6027;5.5668;162;162/A/NBP/2021
20210824;0.1185;3.9086;2.8234;0.5018;3.0941;2.7111;2.8803;4.5848;1.3132;4.2811;5.3589;0.1465;3.5602;0.1794;0.6165;3.0525;0.4395;0.4488;0.6116;0.9302;2.3441;0.4632;1.2132;0.4983;0.0779;0.1921;0.2581;0.7263;0.9270;0.0528;2.7157;5.2675;0.3348;0.6034;5.5499;163;163/A/NBP/2021
20210825;0.1189;3.8869;2.8211;0.4993;3.0821;2.7043;2.8726;4.5679;1.3151;4.2573;5.3370;0.1455;3.5418;0.1789;0.6142;3.0575;0.4403;0.4472;0.6099;0.9267;2.3355;0.4629;1.2050;0.4964;0.0780;0.1924;0.2599;0.7408;0.9236;0.0527;2.6997;5.2372;0.3331;0.6004;5.5240;164;164/A/NBP/2021
20210826;0.1189;3.8912;2.8234;0.4997;3.0847;2.7048;2.8751;4.5758;1.3117;4.2422;5.3446;0.1454;3.5317;0.1790;0.6153;3.0793;0.4415;0.4469;0.6110;0.9278;2.3395;0.4643;1.2074;0.4963;0.0778;0.1915;0.2600;0.7464;0.9276;0.0526;2.6989;5.2430;0.3323;0.6001;5.5371;165;165/A/NBP/2021
20210827;0.1194;3.8978;2.8273;0.5004;3.0760;2.7110;2.8841;4.5803;1.3059;4.2442;5.3405;0.1447;3.5396;0.1793;0.6159;3.0782;0.4414;0.4470;0.6116;0.9280;2.3418;0.4646;1.2069;0.4953;0.0780;0.1911;0.2614;0.7420;0.9303;0.0527;2.7035;5.2762;0.3332;0.6016;5.5316;166;166/A/NBP/2021
20210830;0.1193;3.8724;2.8255;0.4973;3.0707;2.7116;2.8773;4.5691;1.3121;4.2289;5.3296;0.1441;3.5250;0.1787;0.6145;3.0583;0.4457;0.4478;0.6097;0.9259;2.3361;0.4640;1.2017;0.4946;0.0778;0.1918;0.2640;0.7446;0.9310;0.0526;2.6948;5.2828;0.3327;0.5987;5.5170;167;167/A/NBP/2021
20210831;0.1190;3.8386;2.8128;0.4933;3.0488;2.7075;2.8558;4.5374;1.3023;4.1984;5.2859;0.1428;3.4929;0.1777;0.6102;3.0290;0.4433;0.4463;0.6058;0.9193;2.3199;0.4619;1.1961;0.4905;0.0772;0.1910;0.2640;0.7404;0.9234;0.0524;2.6904;5.2522;0.3317;0.5939;5.4698;168;168/A/NBP/2021
20210901;0.1182;3.8238;2.8099;0.4916;3.0375;2.7005;2.8401;4.5184;1.2968;4.1688;5.2610;0.1416;3.4652;0.1775;0.6076;3.0366;0.4406;0.4432;0.6035;0.9155;2.3102;0.4605;1.1939;0.4945;0.0764;0.1908;0.2650;0.7424;0.9210;0.0523;2.6774;5.2302;0.3300;0.5916;5.4380;169;169/A/NBP/2021
20210902;0.1172;3.8044;2.8110;0.4894;3.0201;2.6967;2.8308;4.5067;1.2982;4.1554;5.2452;0.1409;3.4587;0.1780;0.6061;3.0045;0.4376;0.4422;0.6009;0.9125;2.3042;0.4588;1.1863;0.4933;0.0763;0.1907;0.2653;0.7336;0.9146;0.0523;2.6657;5.2083;0.3284;0.5889;5.4279;170;170/A/NBP/2021
20210903;0.1164;3.7998;2.8248;0.4890;3.0300;2.7089;2.8312;4.5124;1.2948;4.1568;5.2577;0.1411;3.4554;0.1777;0.6068;3.0003;0.4395;0.4432;0.6018;0.9132;2.3071;0.4566;1.1859;0.4946;0.0762;0.1903;0.2636;0.7331;0.9161;0.0522;2.6642;5.1992;0.3284;0.5886;5.4347;171;171/A/NBP/2021
20210906;0.1173;3.8041;2.8279;0.4894;3.0329;2.7162;2.8349;4.5134;1.2991;4.1546;5.2659;0.1419;3.4617;0.1779;0.6070;3.0049;0.4395;0.4440;0.6027;0.9126;2.3076;0.4587;1.1874;0.4963;0.0762;0.1910;0.2668;0.7326;0.9173;0.0522;2.6747;5.2076;0.3289;0.5893;5.4360;172;172/A/NBP/2021
20210907;0.1166;3.8041;2.8213;0.4895;3.0293;2.7098;2.8317;4.5181;1.2991;4.1613;5.2570;0.1423;3.4604;0.1779;0.6076;2.9961;0.4394;0.4452;0.6042;0.9130;2.3100;0.4577;1.1875;0.4923;0.0759;0.1909;0.2658;0.7357;0.9154;0.0520;2.6766;5.1825;0.3276;0.5888;5.4416;173;173/A/NBP/2021
20210908;0.1166;3.8213;2.8137;0.4915;3.0134;2.7092;2.8392;4.5175;1.2913;4.1542;5.2596;0.1429;3.4691;0.1779;0.6075;2.9997;0.4382;0.4430;0.6040;0.9131;2.3097;0.4543;1.1911;0.4894;0.0762;0.1914;0.2669;0.7390;0.9192;0.0520;2.6811;5.1967;0.3275;0.5917;5.4316;174;174/A/NBP/2021
20210909;0.1171;3.8292;2.8250;0.4924;3.0163;2.7237;2.8501;4.5315;1.2896;4.1663;5.2889;0.1434;3.4847;0.1784;0.6094;3.0090;0.4400;0.4440;0.6061;0.9158;2.3169;0.4507;1.1938;0.4861;0.0767;0.1923;0.2706;0.7195;0.9232;0.0524;2.6867;5.2083;0.3276;0.5930;5.4535;175;175/A/NBP/2021
20210910;0.1177;3.8402;2.8450;0.4939;3.0482;2.7469;2.8691;4.5499;1.2959;4.1956;5.3296;0.1439;3.4944;0.1796;0.6119;3.0172;0.4453;0.4464;0.6077;0.9200;2.3263;0.4565;1.2007;0.4840;0.0771;0.1931;0.2726;0.7388;0.9293;0.0528;2.7039;5.2298;0.3294;0.5966;5.4758;176;176/A/NBP/2021
20210913;0.1171;3.8495;2.8335;0.4949;3.0382;2.7388;2.8665;4.5386;1.2976;4.1782;5.3189;0.1443;3.4958;0.1792;0.6103;3.0017;0.4453;0.4454;0.6072;0.9180;2.3205;0.4550;1.2011;0.4882;0.0771;0.1936;0.2712;0.7337;0.9276;0.0527;2.7010;5.2276;0.3277;0.5965;5.4644;177;177/A/NBP/2021
20210914;0.1171;3.8542;2.8298;0.4954;3.0475;2.7441;2.8709;4.5559;1.3028;4.1807;5.3442;0.1447;3.5024;0.1793;0.6127;3.0132;0.4473;0.4495;0.6095;0.9205;2.3294;0.4565;1.2002;0.4910;0.0772;0.1938;0.2719;0.7391;0.9277;0.0529;2.7052;5.2316;0.3290;0.5980;5.5015;178;178/A/NBP/2021
20210915;0.1171;3.8475;2.8203;0.4947;3.0360;2.7338;2.8688;4.5502;1.3019;4.1920;5.3228;0.1444;3.5194;0.1797;0.6119;3.0094;0.4482;0.4481;0.6084;0.9194;2.3265;0.4558;1.2015;0.4909;0.0774;0.1937;0.2693;0.7343;0.9251;0.0529;2.7016;5.2256;0.3295;0.5980;5.4850;179;179/A/NBP/2021
20210916;0.1176;3.8847;2.8429;0.4992;3.0742;2.7638;2.8921;4.5736;1.3108;4.2054;5.3697;0.1457;3.5515;0.1811;0.6150;3.0531;0.4510;0.4505;0.6101;0.9241;2.3384;0.4592;1.2110;0.4993;0.0778;0.1953;0.2674;0.7437;0.9342;0.0536;2.7256;5.2883;0.3313;0.6026;5.5159;180;180/A/NBP/2021
20210917;0.1169;3.8882;2.8448;0.4996;3.0760;2.7536;2.8896;4.5789;1.3029;4.1929;5.3633;0.1457;3.5349;0.1810;0.6158;3.0324;0.4520;0.4514;0.6097;0.9253;2.3411;0.4527;1.2119;0.4962;0.0778;0.1950;0.2661;0.7396;0.9320;0.0536;2.7329;5.2896;0.3301;0.6025;5.5395;181;181/A/NBP/2021
20210920;0.1178;3.9282;2.8418;0.5044;3.0659;2.7570;2.9047;4.5999;1.3003;4.2172;5.3712;0.1471;3.5816;0.1808;0.6186;3.0382;0.4476;0.4499;0.6129;0.9294;2.3519;0.4519;1.2225;0.5007;0.0781;0.1953;0.2656;0.7427;0.9369;0.0535;2.7581;5.3283;0.3307;0.6066;5.5549;182;182/A/NBP/2021
20210921;0.1178;3.9337;2.8625;0.5053;3.0836;2.7729;2.9128;4.6154;1.3078;4.2489;5.3827;0.1472;3.5904;0.1815;0.6207;3.0384;0.4534;0.4542;0.6153;0.9325;2.3598;0.4561;1.2260;0.4985;0.0785;0.1961;0.2667;0.7386;0.9393;0.0537;2.7627;5.3416;0.3323;0.6087;5.5914;183;183/A/NBP/2021
20210922;0.1181;3.9460;2.8597;0.5068;3.0828;2.7727;2.9192;4.6308;1.3071;4.2789;5.3828;0.1479;3.6035;0.1823;0.6227;3.0406;0.4557;0.4549;0.6179;0.9357;2.3677;0.4559;1.2312;0.5020;0.0785;0.1964;0.2672;0.7487;0.9418;0.0541;2.7706;5.3436;0.3334;0.6102;5.6008;184;184/A/NBP/2021
20210923;0.1182;3.9256;2.8551;0.5043;3.0983;2.7646;2.9110;4.6012;1.2947;4.2494;5.3605;0.1478;3.5706;0.1817;0.6188;3.0291;0.4561;0.4537;0.6139;0.9296;2.3525;0.4536;1.2263;0.4984;0.0782;0.1961;0.2677;0.7422;0.9388;0.0540;2.7563;5.3301;0.3350;0.6079;5.5685;185;185/A/NBP/2021
20210924;0.1176;3.9268;2.8591;0.5044;3.0979;2.7692;2.9067;4.6085;1.2921;4.2494;5.3866;0.1474;3.5564;0.1814;0.6197;3.0581;0.4575;0.4549;0.6148;0.9309;2.3563;0.4451;1.2272;0.5000;0.0773;0.1950;0.2636;0.7404;0.9377;0.0538;2.7542;5.3271;0.3336;0.6076;5.5821;186;186/A/NBP/2021
20210927;0.1172;3.9276;2.8523;0.5045;3.1037;2.7498;2.9004;4.5912;1.2835;4.2307;5.3815;0.1474;3.5411;0.1808;0.6174;3.0506;0.4567;0.4516;0.6125;0.9277;2.3474;0.4433;1.2260;0.4954;0.0769;0.1955;0.2612;0.7357;0.9378;0.0541;2.7557;5.3290;0.3326;0.6079;5.5594;187;187/A/NBP/2021
20210928;0.1173;3.9546;2.8754;0.5082;3.1301;2.7598;2.9158;4.6192;1.2852;4.2622;5.4061;0.1487;3.5534;0.1811;0.6212;3.0856;0.4582;0.4531;0.6154;0.9333;2.3617;0.4454;1.2345;0.4984;0.0774;0.1959;0.2627;0.7334;0.9446;0.0545;2.7708;5.3414;0.3337;0.6124;5.5982;188;188/A/NBP/2021
20210929;0.1172;3.9684;2.8765;0.5098;3.1277;2.7564;2.9233;4.6287;1.2877;4.2694;5.3582;0.1493;3.5648;0.1816;0.6225;3.0879;0.4572;0.4537;0.6174;0.9352;2.3666;0.4485;1.2353;0.4944;0.0780;0.1954;0.2636;0.7309;0.9483;0.0545;2.7765;5.3530;0.3351;0.6136;5.6099;189;189/A/NBP/2021
20210930;0.1179;3.9925;2.8758;0.5127;3.1388;2.7435;2.9343;4.6329;1.2852;4.2725;5.3653;0.1500;3.5662;0.1816;0.6230;3.0702;0.4531;0.4543;0.6189;0.9365;2.3687;0.4486;1.2400;0.4929;0.0780;0.1949;0.2632;0.7372;0.9535;0.0549;2.7895;5.3777;0.3370;0.6177;5.6194;190;190/A/NBP/2021
20211001;0.1180;3.9678;2.8684;0.5096;3.1247;2.7375;2.9211;4.5941;1.2789;4.2579;5.3463;0.1490;3.5705;0.1815;0.6176;3.0404;0.4550;0.4520;0.6129;0.9284;2.3489;0.4472;1.2310;0.4893;0.0782;0.1927;0.2650;0.7289;0.9493;0.0543;2.7732;5.3485;0.3344;0.6150;5.5899;191;191/A/NBP/2021
20211004;0.1165;3.9368;2.8595;0.5056;3.1191;2.7363;2.8992;4.5716;1.2834;4.2371;5.3382;0.1482;3.5398;0.1804;0.6147;3.0417;0.4574;0.4507;0.6102;0.9239;2.3374;0.4433;1.2232;0.4901;0.0775;0.1916;0.2632;0.7339;0.9431;0.0540;2.7593;5.2933;0.3328;0.6119;5.5635;192;192/A/NBP/2021
20211005;0.1176;3.9688;2.8891;0.5098;3.1518;2.7626;2.9245;4.6034;1.2894;4.2836;5.4056;0.1501;3.5699;0.1816;0.6189;3.0937;0.4630;0.4546;0.6133;0.9302;2.3537;0.4481;1.2284;0.4925;0.0781;0.1932;0.2642;0.7275;0.9495;0.0547;2.7843;5.3292;0.3344;0.6162;5.5912;193;193/A/NBP/2021
20211006;0.1179;3.9992;2.8925;0.5137;3.1652;2.7530;2.9373;4.6203;1.2838;4.3002;5.4200;0.1519;3.5843;0.1818;0.6211;3.1050;0.4639;0.4540;0.6154;0.9338;2.3623;0.4482;1.2310;0.4930;0.0785;0.1920;0.2640;0.7302;0.9558;0.0551;2.8062;5.3470;0.3344;0.6185;5.6257;194;194/A/NBP/2021
20211007;0.1164;3.9334;2.8670;0.5053;3.1247;2.7236;2.8970;4.5472;1.2688;4.2428;5.3446;0.1494;3.5303;0.1790;0.6112;3.0600;0.4567;0.4477;0.6053;0.9191;2.3249;0.4421;1.2185;0.4837;0.0779;0.1919;0.2638;0.7160;0.9402;0.0544;2.7668;5.2633;0.3304;0.6066;5.5530;195;195/A/NBP/2021
20211008;0.1175;3.9775;2.9015;0.5109;3.1704;2.7514;2.9290;4.5956;1.2784;4.2756;5.4095;0.1509;3.5527;0.1808;0.6176;3.0843;0.4632;0.4525;0.6113;0.9286;2.3497;0.4458;1.2314;0.4897;0.0787;0.1925;0.2661;0.7207;0.9513;0.0552;2.7966;5.3046;0.3326;0.6169;5.6081;196;196/A/NBP/2021
20211011;0.1178;3.9862;2.9273;0.5123;3.2020;2.7714;2.9459;4.6120;1.2756;4.3020;5.4400;0.1513;3.5303;0.1813;0.6198;3.0870;0.4665;0.4556;0.6139;0.9320;2.3581;0.4449;1.2352;0.4835;0.0785;0.1924;0.2668;0.7238;0.9563;0.0557;2.8057;5.2917;0.3337;0.6191;5.6244;197;197/A/NBP/2021
20211012;0.1186;3.9664;2.9199;0.5097;3.1817;2.7595;2.9240;4.5859;1.2742;4.2745;5.3936;0.1505;3.4983;0.1803;0.6163;3.0573;0.4633;0.4533;0.6102;0.9263;2.3447;0.4397;1.2302;0.4811;0.0780;0.1902;0.2641;0.7163;0.9517;0.0552;2.7898;5.2524;0.3311;0.6144;5.5926;198;198/A/NBP/2021
20211013;0.1193;3.9638;2.9175;0.5095;3.1853;2.7569;2.9300;4.5806;1.2712;4.2684;5.4010;0.1505;3.4905;0.1804;0.6156;3.0537;0.4646;0.4524;0.6092;0.9254;2.3420;0.4391;1.2278;0.4815;0.0783;0.1916;0.2666;0.7164;0.9528;0.0552;2.7880;5.2663;0.3327;0.6152;5.5855;199;199/A/NBP/2021
20211014;0.1188;3.9403;2.9207;0.5065;3.1806;2.7658;2.9234;4.5770;1.2723;4.2814;5.4022;0.1493;3.4739;0.1803;0.6151;3.0636;0.4679;0.4567;0.6096;0.9247;2.3402;0.4298;1.2227;0.4833;0.0778;0.1918;0.2673;0.7146;0.9487;0.0549;2.7910;5.2332;0.3325;0.6123;5.5793;200;200/A/NBP/2021
20211015;0.1184;3.9413;2.9238;0.5066;3.1922;2.7794;2.9236;4.5733;1.2712;4.2691;5.4083;0.1494;3.4484;0.1798;0.6147;3.0570;0.4681;0.4563;0.6089;0.9237;2.3383;0.4279;1.2235;0.4772;0.0776;0.1919;0.2684;0.7147;0.9477;0.0554;2.8002;5.2582;0.3333;0.6129;5.5674;201;201/A/NBP/2021
20211018;0.1179;3.9471;2.9173;0.5074;3.1827;2.7850;2.9219;4.5715;1.2670;4.2611;5.4158;0.1498;3.4515;0.1796;0.6144;3.0599;0.4669;0.4560;0.6088;0.9238;2.3373;0.4249;1.2235;0.4792;0.0777;0.1927;0.2678;0.7228;0.9463;0.0554;2.7977;5.2413;0.3325;0.6136;5.5632;202;202/A/NBP/2021
20211019;0.1180;3.9212;2.9282;0.5041;3.1822;2.8026;2.9182;4.5717;1.2700;4.2644;5.4084;0.1492;3.4407;0.1796;0.6144;3.0478;0.4687;0.4561;0.6090;0.9236;2.3374;0.4222;1.2209;0.4799;0.0773;0.1929;0.2691;0.7113;0.9400;0.0553;2.7858;5.2266;0.3330;0.6132;5.5595;203;203/A/NBP/2021
20211020;0.1181;3.9428;2.9528;0.5070;3.1933;2.8249;2.9333;4.5841;1.2640;4.2637;5.4327;0.1505;3.4458;0.1794;0.6161;3.0561;0.4692;0.4573;0.6105;0.9261;2.3438;0.4226;1.2267;0.4865;0.0777;0.1950;0.2722;0.7059;0.9475;0.0555;2.8012;5.2664;0.3357;0.6168;5.5689;204;204/A/NBP/2021
20211021;0.1184;3.9449;2.9540;0.5073;3.1984;2.8316;2.9334;4.5930;1.2698;4.2899;5.4461;0.1505;3.4601;0.1793;0.6173;3.0620;0.4735;0.4592;0.6118;0.9284;2.3483;0.4252;1.2286;0.4846;0.0776;0.1948;0.2720;0.7048;0.9498;0.0556;2.7936;5.2766;0.3354;0.6168;5.5872;205;205/A/NBP/2021
20211022;0.1187;3.9576;2.9702;0.5091;3.2086;2.8433;2.9434;4.6072;1.2684;4.3157;5.4652;0.1505;3.4735;0.1794;0.6192;3.0715;0.4754;0.4617;0.6123;0.9311;2.3556;0.4114;1.2333;0.4837;0.0779;0.1955;0.2716;0.6993;0.9532;0.0560;2.8023;5.2929;0.3370;0.6195;5.6012;206;206/A/NBP/2021
20211025;0.1186;3.9502;2.9617;0.5082;3.1991;2.8276;2.9385;4.6018;1.2628;4.3054;5.4395;0.1500;3.4771;0.1792;0.6185;3.0638;0.4747;0.4602;0.6113;0.9302;2.3528;0.4058;1.2314;0.4842;0.0780;0.1960;0.2674;0.6991;0.9519;0.0564;2.7902;5.2867;0.3383;0.6189;5.5990;207;207/A/NBP/2021
20211026;0.1200;3.9740;2.9821;0.5112;3.2121;2.8487;2.9507;4.6134;1.2630;4.3130;5.4784;0.1503;3.4860;0.1795;0.6201;3.0756;0.4758;0.4612;0.6131;0.9325;2.3588;0.4215;1.2422;0.4919;0.0783;0.1972;0.2700;0.7153;0.9578;0.0573;2.8080;5.3000;0.3408;0.6228;5.6239;208;208/A/NBP/2021
20211027;0.1195;3.9815;2.9825;0.5119;3.2060;2.8403;2.9502;4.6165;1.2636;4.3362;5.4640;0.1510;3.5019;0.1796;0.6205;3.0777;0.4736;0.4619;0.6144;0.9329;2.3604;0.4191;1.2472;0.4951;0.0784;0.1970;0.2656;0.7152;0.9587;0.0568;2.8093;5.3036;0.3394;0.6227;5.6218;209;209/A/NBP/2021
20211028;0.1199;3.9938;2.9998;0.5135;3.2280;2.8648;2.9633;4.6284;1.2721;4.3473;5.4910;0.1517;3.5136;0.1800;0.6221;3.0856;0.4755;0.4647;0.6160;0.9350;2.3664;0.4158;1.2559;0.4958;0.0787;0.1968;0.2638;0.7213;0.9623;0.0567;2.8177;5.3172;0.3415;0.6241;5.6276;210;210/A/NBP/2021
20211029;0.1194;3.9664;2.9880;0.5101;3.2096;2.8478;2.9474;4.6208;1.2808;4.3496;5.4619;0.1509;3.4879;0.1799;0.6212;3.0846;0.4737;0.4645;0.6144;0.9335;2.3626;0.4131;1.2564;0.4920;0.0786;0.1937;0.2596;0.7025;0.9575;0.0562;2.7994;5.3085;0.3388;0.6200;5.6340;211;211/A/NBP/2021
20211102;0.1196;3.9772;2.9700;0.5111;3.2060;2.8442;2.9515;4.6129;1.2805;4.3615;5.4250;0.1512;3.5031;0.1805;0.6200;3.0671;0.4717;0.4671;0.6125;0.9320;2.3585;0.4169;1.2698;0.4901;0.0788;0.1907;0.2574;0.7002;0.9587;0.0553;2.7905;5.2994;0.3381;0.6218;5.6210;212;212/A/NBP/2021
20211103;0.1191;3.9681;2.9528;0.5099;3.1966;2.8335;2.9408;4.6000;1.2809;4.3554;5.4070;0.1513;3.4851;0.1797;0.6183;3.0585;0.4671;0.4639;0.6118;0.9294;2.3519;0.4084;1.2664;0.4883;0.0784;0.1913;0.2585;0.6986;0.9554;0.0552;2.7754;5.2846;0.3360;0.6205;5.5990;213;213/A/NBP/2021
20211104;0.1191;3.9807;2.9549;0.5115;3.2057;2.8381;2.9454;4.5987;1.2767;4.3616;5.4249;0.1520;3.4905;0.1802;0.6184;3.0617;0.4669;0.4646;0.6114;0.9292;2.3513;0.4104;1.2763;0.4897;0.0786;0.1939;0.2607;0.7168;0.9584;0.0556;2.7764;5.2831;0.3364;0.6221;5.6070;214;214/A/NBP/2021
20211105;0.1198;3.9911;2.9424;0.5127;3.1997;2.8265;2.9491;4.6065;1.2800;4.3620;5.3604;0.1529;3.5065;0.1817;0.6193;3.0669;0.4659;0.4649;0.6124;0.9306;2.3552;0.4113;1.2826;0.4902;0.0792;0.1937;0.2609;0.7123;0.9595;0.0557;2.7856;5.2921;0.3363;0.6235;5.6124;215;215/A/NBP/2021
20211108;0.1202;3.9747;2.9428;0.5104;3.1922;2.8398;2.9453;4.5950;1.2769;4.3445;5.3617;0.1524;3.5052;0.1821;0.6178;3.0552;0.4651;0.4622;0.6113;0.9284;2.3494;0.4100;1.2798;0.4898;0.0792;0.1948;0.2639;0.7170;0.9566;0.0557;2.7878;5.2789;0.3358;0.6215;5.6145;216;216/A/NBP/2021
20211109;0.1209;3.9622;2.9429;0.5087;3.1861;2.8358;2.9447;4.5942;1.2685;4.3401;5.3885;0.1518;3.5108;0.1822;0.6177;3.0547;0.4671;0.4637;0.6112;0.9284;2.3490;0.4081;1.2766;0.4935;0.0791;0.1954;0.2664;0.7146;0.9549;0.0558;2.7820;5.2780;0.3371;0.6201;5.5954;217;217/A/NBP/2021
20211110;0.1214;3.9737;2.9296;0.5101;3.1993;2.8254;2.9490;4.6007;1.2726;4.3555;5.3784;0.1525;3.5098;0.1825;0.6185;3.0590;0.4662;0.4620;0.6122;0.9296;2.3523;0.4046;1.2796;0.5014;0.0794;0.1955;0.2628;0.7250;0.9567;0.0562;2.7880;5.2854;0.3374;0.6219;5.6095;218;218/A/NBP/2021
20211112;0.1237;4.0559;2.9578;0.5205;3.2200;2.8450;2.9961;4.6412;1.2701;4.3984;5.4328;0.1554;3.5569;0.1839;0.6240;3.0859;0.4667;0.4636;0.6178;0.9381;2.3730;0.4086;1.3033;0.5107;0.0815;0.1960;0.2651;0.7512;0.9736;0.0563;2.8492;5.3320;0.3442;0.6357;5.6891;219;219/A/NBP/2021
20211115;0.1238;4.0497;2.9808;0.5198;3.2322;2.8623;2.9973;4.6365;1.2630;4.4008;5.4330;0.1536;3.5579;0.1834;0.6234;3.0828;0.4678;0.4626;0.6172;0.9369;2.3706;0.4045;1.3044;0.5057;0.0808;0.1974;0.2660;0.7421;0.9732;0.0560;2.8495;5.3266;0.3433;0.6345;5.6879;220;220/A/NBP/2021
20211116;0.1256;4.1061;3.0134;0.5272;3.2778;2.8852;3.0326;4.6652;1.2759;4.4285;5.5291;0.1555;3.5959;0.1849;0.6273;3.1060;0.4721;0.4657;0.6211;0.9425;2.3853;0.4032;1.3226;0.5153;0.0816;0.1992;0.2688;0.7523;0.9856;0.0566;2.8873;5.3595;0.3474;0.6432;5.7273;221;221/A/NBP/2021
20211117;0.1261;4.1204;3.0001;0.5290;3.2791;2.8860;3.0342;4.6614;1.2763;4.4232;5.5345;0.1553;3.5883;0.1849;0.6268;3.1076;0.4710;0.4647;0.6208;0.9419;2.3833;0.3944;1.3397;0.5073;0.0818;0.1987;0.2646;0.7487;0.9860;0.0566;2.8930;5.3552;0.3487;0.6457;5.7455;222;222/A/NBP/2021
20211118;0.1263;4.1114;2.9950;0.5279;3.2613;2.8967;3.0275;4.6592;1.2812;4.4346;5.5480;0.1554;3.6008;0.1845;0.6266;3.1312;0.4696;0.4638;0.6202;0.9413;2.3822;0.3856;1.3345;0.4955;0.0817;0.1987;0.2647;0.7435;0.9832;0.0564;2.8898;5.3526;0.3476;0.6441;5.7615;223;223/A/NBP/2021
20211119;0.1266;4.1457;3.0029;0.5322;3.2789;2.9048;3.0444;4.6844;1.2832;4.4782;5.5690;0.1560;3.6364;0.1846;0.6299;3.1524;0.4665;0.4641;0.6236;0.9464;2.3951;0.3739;1.3412;0.4979;0.0819;0.1989;0.2634;0.7459;0.9910;0.0566;2.9118;5.3816;0.3492;0.6488;5.7838;224;224/A/NBP/2021
20211122;0.1273;4.1855;3.0365;0.5371;3.3108;2.9288;3.0734;4.7210;1.2764;4.5089;5.6202;0.1572;3.6668;0.1853;0.6348;3.1942;0.4693;0.4663;0.6279;0.9537;2.4138;0.3741;1.3542;0.5051;0.0826;0.2008;0.2657;0.7455;0.9999;0.0565;2.9374;5.4236;0.3525;0.6559;5.8579;225;225/A/NBP/2021
20211123;0.1266;4.1893;3.0268;0.5376;3.2912;2.9043;3.0672;4.7171;1.2699;4.4948;5.6043;0.1558;3.6504;0.1853;0.6343;3.1872;0.4686;0.4664;0.6266;0.9529;2.4118;0.3406;1.3496;0.5158;0.0826;0.1988;0.2652;0.7498;0.9977;0.0559;2.9383;5.4192;0.3524;0.6559;5.8458;226;226/A/NBP/2021
20211124;0.1253;4.1764;3.0143;0.5357;3.2934;2.8856;3.0547;4.6811;1.2711;4.4639;5.5781;0.1552;3.6326;0.1834;0.6295;3.1715;0.4682;0.4603;0.6221;0.9458;2.3934;0.3297;1.3257;0.5133;0.0827;0.1966;0.2637;0.7496;0.9921;0.0560;2.9293;5.3778;0.3516;0.6540;5.7989;227;227/A/NBP/2021
20211125;0.1247;4.1600;2.9911;0.5336;3.2845;2.8525;3.0423;4.6688;1.2731;4.4560;5.5469;0.1540;3.6062;0.1831;0.6279;3.1717;0.4643;0.4583;0.6207;0.9430;2.3871;0.3483;1.3181;0.5110;0.0826;0.1943;0.2630;0.7420;0.9836;0.0558;2.9156;5.3637;0.3494;0.6514;5.8075;228;228/A/NBP/2021
20211126;0.1244;4.1754;2.9761;0.5356;3.2718;2.8486;3.0451;4.7038;1.2791;4.5071;5.5597;0.1542;3.6641;0.1834;0.6325;3.1912;0.4603;0.4568;0.6254;0.9504;2.4050;0.3434;1.3105;0.5085;0.0828;0.1900;0.2565;0.7500;0.9850;0.0551;2.9194;5.4039;0.3493;0.6535;5.8510;229;229/A/NBP/2021
20211129;0.1237;4.1627;2.9758;0.5337;3.2666;2.8436;3.0428;4.6982;1.2744;4.5013;5.5531;0.1533;3.6729;0.1828;0.6318;3.1961;0.4579;0.4555;0.6244;0.9491;2.4021;0.3298;1.3206;0.5003;0.0827;0.1894;0.2581;0.7420;0.9821;0.0555;2.9064;5.3974;0.3493;0.6523;5.8440;230;230/A/NBP/2021
20211130;0.1224;4.1214;2.9366;0.5286;3.2229;2.8121;3.0151;4.6834;1.2770;4.4888;5.5070;0.1517;3.6522;0.1830;0.6298;3.1817;0.4556;0.4559;0.6214;0.9460;2.3946;0.3168;1.3026;0.4883;0.0818;0.1899;0.2553;0.7357;0.9807;0.0551;2.8776;5.3804;0.3464;0.6469;5.8066;231;231/A/NBP/2021
20211201;0.1218;4.1051;2.9366;0.5266;3.2221;2.8119;3.0106;4.6494;1.2760;4.4652;5.4651;0.1507;3.6181;0.1820;0.6252;3.1672;0.4549;0.4550;0.6178;0.9396;2.3772;0.2976;1.3049;0.4961;0.0815;0.1925;0.2583;0.7299;0.9728;0.0555;2.8622;5.3414;0.3481;0.6442;5.7316;232;232/A/NBP/2021
20211202;0.1200;4.0625;2.8877;0.5214;3.1775;2.7708;2.9723;4.6002;1.2701;4.4131;5.4114;0.1490;3.5901;0.1809;0.6186;3.1379;0.4483;0.4476;0.6115;0.9295;2.3520;0.3026;1.2850;0.4841;0.0805;0.1909;0.2570;0.7132;0.9603;0.0549;2.8254;5.2849;0.3458;0.6372;5.6903;233;233/A/NBP/2021
20211203;0.1200;4.0653;2.8676;0.5218;3.1702;2.7556;2.9656;4.5934;1.2630;4.4165;5.4021;0.1489;3.5879;0.1808;0.6177;3.1290;0.4463;0.4463;0.6102;0.9280;2.3485;0.2946;1.2891;0.4855;0.0805;0.1910;0.2543;0.7200;0.9608;0.0552;2.8236;5.2770;0.3439;0.6381;5.6734;234;234/A/NBP/2021
20211206;0.1198;4.0619;2.8536;0.5207;3.1730;2.7405;2.9661;4.5889;1.2609;4.4029;5.3854;0.1483;3.5866;0.1806;0.6171;3.1175;0.4444;0.4461;0.6097;0.9272;2.3462;0.2947;1.2872;0.4830;0.0805;0.1909;0.2541;0.7185;0.9598;0.0551;2.8134;5.2719;0.3440;0.6370;5.6841;235;235/A/NBP/2021
20211207;0.1211;4.0788;2.8950;0.5230;3.2109;2.7605;2.9857;4.5991;1.2577;4.4169;5.4098;0.1492;3.5890;0.1806;0.6184;3.1201;0.4506;0.4493;0.6111;0.9296;2.3515;0.2977;1.2928;0.4821;0.0810;0.1923;0.2553;0.7169;0.9638;0.0549;2.8370;5.2836;0.3463;0.6407;5.6964;236;236/A/NBP/2021
20211208;0.1216;4.0710;2.9043;0.5220;3.2252;2.7603;2.9834;4.5941;1.2499;4.4049;5.3909;0.1496;3.5863;0.1803;0.6178;3.1210;0.4539;0.4480;0.6105;0.9284;2.3489;0.2977;1.3101;0.4847;0.0810;0.1939;0.2573;0.7252;0.9637;0.0553;2.8354;5.2778;0.3459;0.6410;5.6987;237;237/A/NBP/2021
20211209;0.1221;4.0837;2.9249;0.5238;3.2210;2.7778;2.9937;4.6226;1.2637;4.4305;5.3927;0.1508;3.5964;0.1816;0.6216;3.1361;0.4569;0.4510;0.6143;0.9338;2.3635;0.2969;1.3156;0.4865;0.0810;0.1949;0.2587;0.7381;0.9685;0.0554;2.8453;5.3106;0.3475;0.6434;5.7160;238;238/A/NBP/2021
20211210;0.1215;4.0887;2.9234;0.5242;3.2145;2.7706;2.9929;4.6129;1.2613;4.4259;5.3977;0.1514;3.5967;0.1816;0.6203;3.1253;0.4547;0.4507;0.6129;0.9319;2.3585;0.2936;1.3174;0.4816;0.0812;0.1950;0.2553;0.7337;0.9706;0.0556;2.8448;5.2994;0.3463;0.6421;5.7006;239;239/A/NBP/2021
20211213;0.1228;4.1003;2.9277;0.5257;3.2161;2.7783;2.9976;4.6204;1.2609;4.4335;5.4310;0.1527;3.6062;0.1821;0.6213;3.1261;0.4559;0.4509;0.6142;0.9335;2.3623;0.2862;1.3226;0.4860;0.0815;0.1962;0.2565;0.7305;0.9699;0.0558;2.8588;5.3081;0.3468;0.6442;5.7215;240;240/A/NBP/2021
20211214;0.1232;4.1088;2.9252;0.5266;3.2048;2.7759;3.0028;4.6436;1.2649;4.4631;5.4330;0.1523;3.6167;0.1828;0.6245;3.1461;0.4520;0.4511;0.6175;0.9383;2.3742;0.2878;1.3200;0.4883;0.0817;0.1954;0.2555;0.7233;0.9709;0.0558;2.8668;5.3347;0.3472;0.6458;5.7516;241;241/A/NBP/2021
20211215;0.1227;4.0999;2.9226;0.5254;3.1860;2.7659;2.9970;4.6214;1.2529;4.4362;5.4363;0.1506;3.6047;0.1827;0.6215;3.1481;0.4505;0.4494;0.6146;0.9335;2.3629;0.2796;1.3084;0.4862;0.0816;0.1933;0.2537;0.7216;0.9692;0.0556;2.8606;5.3092;0.3452;0.6440;5.7157;242;242/A/NBP/2021
20211216;0.1226;4.0938;2.9482;0.5247;3.2011;2.7910;3.0008;4.6315;1.2554;4.4306;5.4408;0.1504;3.5864;0.1833;0.6228;3.1507;0.4570;0.4521;0.6161;0.9356;2.3680;0.2694;1.3159;0.4809;0.0819;0.1951;0.2565;0.7206;0.9732;0.0557;2.8543;5.3208;0.3459;0.6429;5.7433;243;243/A/NBP/2021
20211217;0.1226;4.0882;2.9279;0.5239;3.1959;2.7689;2.9943;4.6334;1.2601;4.4531;5.4443;0.1500;3.5992;0.1833;0.6230;3.1692;0.4549;0.4523;0.6160;0.9360;2.3690;0.2456;1.3118;0.4830;0.0818;0.1963;0.2573;0.7187;0.9694;0.0555;2.8455;5.3230;0.3448;0.6410;5.7133;244;244/A/NBP/2021
20211220;0.1226;4.1182;2.9208;0.5280;3.1858;2.7621;3.0106;4.6381;1.2634;4.4565;5.4304;0.1509;3.6286;0.1837;0.6237;3.1638;0.4531;0.4508;0.6172;0.9371;2.3714;0.2354;1.3023;0.4884;0.0825;0.1971;0.2597;0.7230;0.9744;0.0555;2.8643;5.4253;0.3453;0.6458;5.7250;245;245/A/NBP/2021
20211221;0.1216;4.0937;2.9177;0.5248;3.1638;2.7619;3.0001;4.6238;1.2564;4.4462;5.4229;0.1503;3.6022;0.1834;0.6218;3.1327;0.4543;0.4485;0.6152;0.9341;2.3641;0.3273;1.2953;0.4697;0.0820;0.1966;0.2585;0.7128;0.9726;0.0554;2.8597;5.4141;0.3432;0.6425;5.7251;246;246/A/NBP/2021
20211222;0.1215;4.0984;2.9321;0.5254;3.1756;2.7740;3.0010;4.6244;1.2571;4.4335;5.4450;0.1504;3.5859;0.1833;0.6219;3.1501;0.4601;0.4488;0.6149;0.9343;2.3644;0.3267;1.2942;0.4702;0.0816;0.1970;0.2580;0.7134;0.9728;0.0555;2.8688;5.4252;0.3436;0.6434;5.7189;247;247/A/NBP/2021
20211223;0.1222;4.0950;2.9654;0.5252;3.1951;2.7990;3.0123;4.6359;1.2546;4.4497;5.4889;0.1501;3.5825;0.1846;0.6234;3.1537;0.4622;0.4497;0.6168;0.9364;2.3703;0.3586;1.2992;0.4758;0.0818;0.1978;0.2601;0.7242;0.9750;0.0559;2.8740;5.4437;0.3452;0.6428;5.7335;248;248/A/NBP/2021
20211224;0.1221;4.0785;2.9539;0.5230;3.1838;2.7838;3.0070;4.6252;1.2481;4.4458;5.4691;0.1499;3.5650;0.1848;0.6220;3.1421;0.4619;0.4498;0.6157;0.9344;2.3648;0.3489;1.2951;0.4747;0.0816;0.1977;0.2621;0.7186;0.9721;0.0556;2.8679;5.4365;0.3436;0.6404;5.7236;249;249/A/NBP/2021
20211227;0.1218;4.0889;2.9480;0.5242;3.1867;2.7776;3.0111;4.6239;1.2459;4.4463;5.4805;0.1499;3.5658;0.1843;0.6218;3.1370;0.4607;0.4483;0.6159;0.9342;2.3641;0.3595;1.3011;0.4726;0.0815;0.1979;0.2633;0.7205;0.9775;0.0556;2.8741;5.4526;0.3443;0.6418;5.7220;250;250/A/NBP/2021
20211228;0.1213;4.0620;2.9449;0.5209;3.1747;2.7682;2.9998;4.6028;1.2458;4.4328;5.4623;0.1493;3.5388;0.1840;0.6190;3.1227;0.4605;0.4480;0.6128;0.9299;2.3534;0.3423;1.3053;0.4740;0.0804;0.1966;0.2594;0.7221;0.9716;0.0552;2.8550;5.4409;0.3419;0.6378;5.6959;251;251/A/NBP/2021
20211229;0.1218;4.0779;2.9431;0.5231;3.1790;2.7688;3.0106;4.5997;1.2445;4.4362;5.4693;0.1500;3.5450;0.1844;0.6185;3.1206;0.4609;0.4487;0.6115;0.9293;2.3518;0.3283;1.3115;0.4770;0.0798;0.1975;0.2579;0.7245;0.9751;0.0553;2.8612;5.4553;0.3436;0.6402;5.6920;252;252/A/NBP/2021
20211230;0.1216;4.0631;2.9483;0.5210;3.1722;2.7720;3.0008;4.5915;1.2418;4.4262;5.4680;0.1488;3.5276;0.1836;0.6174;3.1150;0.4597;0.4484;0.6102;0.9277;2.3476;0.3122;1.3065;0.4784;0.0796;0.1974;0.2551;0.7124;0.9728;0.0543;2.8478;5.4592;0.3417;0.6374;5.6819;253;253/A/NBP/2021
20211231;0.1225;4.0600;2.9506;0.5207;3.1920;2.7775;3.0095;4.5994;1.2464;4.4484;5.4846;0.1487;3.5265;0.1850;0.6184;3.1161;0.4608;0.4486;0.6118;0.9293;2.3516;0.3016;1.3075;0.4765;0.0797;0.1984;0.2554;0.7287;0.9746;0.0542;2.8486;5.4616;0.3417;0.6390;5.6917;254;254/A/NBP/2021
